{
  "n": 49280,
  "mse": 0.0031304024159908295,
  "rmse": 0.0559499992492478,
  "mae": 0.03441048786044121,
  "ic": 0.0644031485101164,
  "daily_ic": 0.06458980934823903,
  "icir": 0.9551281043884361,
  "dir_acc": 0.5269277597402597
}