{
  "model_type": "gat",
  "artifact_dir": "artifacts/medium",
  "weights": "artifacts/medium/gat_regressor.pt",
  "split": {
    "train_ratio": 0.8,
    "val_ratio": 0.1,
    "train_days": 583,
    "val_days": 64,
    "test_days": 162
  },
  "train": {
    "MSE": 0.018236219882965088,
    "RMSE": 0.13504154872840096,
    "MAE": 0.11736056208610535,
    "IC": -0.0074737051717675956,
    "DailyIC": -0.0072090878447886204,
    "ICIR": -0.10333208765487231,
    "DirAcc": 0.5855453398078846,
    "IC_ind": 0.004230016100586166,
    "DailyIC_ind": 0.005794990229379056,
    "ICIR_ind": 0.10258146676446676,
    "n": 448856
  },
  "val": {
    "MSE": 0.017451271414756775,
    "RMSE": 0.13210326042439974,
    "MAE": 0.11902552843093872,
    "IC": 0.011994318845145471,
    "DailyIC": 0.009654771735759637,
    "ICIR": 0.09912630870053771,
    "DirAcc": 0.5297527095218912,
    "IC_ind": 0.01264862830270757,
    "DailyIC_ind": 0.01534680866270118,
    "ICIR_ind": 0.3656993978373664,
    "n": 46645
  },
  "test": {
    "MSE": 0.017277225852012634,
    "RMSE": 0.1314428615483269,
    "MAE": 0.11756611615419388,
    "IC": 0.0031574919891428285,
    "DailyIC": 0.0053826241273884565,
    "ICIR": 0.06613553688661987,
    "DirAcc": 0.5537523996591106,
    "IC_ind": 0.014772747421124917,
    "DailyIC_ind": 0.022319842195937873,
    "ICIR_ind": 0.5349544313593969,
    "n": 121734
  },
  "naive_test": {
    "MSE": 0.0025143942330032587,
    "RMSE": 0.050143735730430565,
    "MAE": 0.03333032876253128,
    "n": 121734
  },
  "mse_improvement_vs_naive_pct": -587.1327346060709,
  "has_industry_labels": true
}