{
  "prediction_metrics": {
    "short": {
      "baseline_linear": {
        "n": 49280,
        "mse": 0.0030821014661341906,
        "rmse": 0.05551667736936524,
        "mae": 0.033975716680288315,
        "ic": 0.02378779677080496,
        "daily_ic": 0.024284771866887277,
        "icir": 0.3778013068249423,
        "dir_acc": 0.5225040584415584
      },
      "baseline_xgboost": {
        "n": 49280,
        "mse": 0.0031303493306040764,
        "rmse": 0.05594952484699112,
        "mae": 0.034628286957740784,
        "ic": 0.0863066809358802,
        "daily_ic": 0.08568074875614194,
        "icir": 1.346929931575448,
        "dir_acc": 0.5235795454545454
      },
      "baseline_lstm": {
        "n": 49280,
        "mse": 0.0031455452788061167,
        "rmse": 0.056085160950166815,
        "mae": 0.03518892321322242,
        "ic": 0.04870291527058604,
        "daily_ic": 0.04536808391104179,
        "icir": 0.5900944770071139,
        "dir_acc": 0.5024756493506494
      },
      "gat": {
        "n": 49280,
        "mse": 0.012775443494319916,
        "rmse": 0.11302850744091031,
        "mae": 0.0939246416091919,
        "ic": -0.024614660435292274,
        "daily_ic": -0.020542285020561744,
        "icir": -0.34064087266221843,
        "dir_acc": 0.5532873376623377
      },
      "dmfm": {
        "n": 49280,
        "mse": 0.0031559793278574944,
        "rmse": 0.05617810363351093,
        "mae": 0.03475773707032204,
        "ic": 0.059326257771257065,
        "daily_ic": 0.0578164831262067,
        "icir": 0.7141244794860707,
        "dir_acc": 0.49993912337662333
      }
    },
    "medium": {
      "baseline_linear": {
        "n": 121734,
        "mse": 0.002525861607864499,
        "rmse": 0.05025795069304457,
        "mae": 0.03345208615064621,
        "ic": 0.018052522868487603,
        "daily_ic": 0.01404035893700984,
        "icir": 0.1154288117596693,
        "dir_acc": 0.5064320567795357
      },
      "baseline_xgboost": {
        "n": 121734,
        "mse": 0.002548767486587167,
        "rmse": 0.05048531951554993,
        "mae": 0.03365204110741615,
        "ic": 0.0617290851416402,
        "daily_ic": 0.06175917746070941,
        "icir": 0.48718973669216603,
        "dir_acc": 0.52046264806874
      },
      "baseline_lstm": {
        "n": 121734,
        "mse": 0.002543019563239745,
        "rmse": 0.05042836070347464,
        "mae": 0.033475134087633224,
        "ic": 0.06959356837997868,
        "daily_ic": 0.06605143753973347,
        "icir": 0.550931044283831,
        "dir_acc": 0.5380337457078548
      },
      "gat": {
        "n": 121734,
        "mse": 0.007779871113598347,
        "rmse": 0.08820357766892649,
        "mae": 0.06950221955776215,
        "ic": -0.011013433834470305,
        "daily_ic": -0.010969390547130985,
        "icir": -0.11673440075354255,
        "dir_acc": 0.5214494207903441
      },
      "dmfm": {
        "n": 121734,
        "mse": 0.0036743744276463985,
        "rmse": 0.06061661841150823,
        "mae": 0.04212719947099686,
        "ic": 0.07799104836100965,
        "daily_ic": 0.07765101406074262,
        "icir": 0.609504772577602,
        "dir_acc": 0.5029022220087215
      }
    },
    "long": {
      "baseline_linear": {
        "n": 221277,
        "mse": 0.003102570306509733,
        "rmse": 0.05570072087962357,
        "mae": 0.03586219623684883,
        "ic": 0.03544839398500981,
        "daily_ic": 0.030935540548475735,
        "icir": 0.3321759755645313,
        "dir_acc": 0.5076939763283125
      },
      "baseline_xgboost": {
        "n": 221277,
        "mse": 0.003091848222538829,
        "rmse": 0.055604390317121805,
        "mae": 0.03577761352062225,
        "ic": 0.08851721012752334,
        "daily_ic": 0.08731124387436795,
        "icir": 0.8397521632129099,
        "dir_acc": 0.5347098885107806
      },
      "baseline_lstm": {
        "n": 221277,
        "mse": 0.003128511596017904,
        "rmse": 0.0559330992885063,
        "mae": 0.036124164955582336,
        "ic": 0.06623346724925265,
        "daily_ic": 0.056141917360825744,
        "icir": 0.5594430248237107,
        "dir_acc": 0.5260781735110291
      },
      "gat": {
        "n": 221277,
        "mse": 0.010279560461640358,
        "rmse": 0.1013881672664042,
        "mae": 0.08469089865684509,
        "ic": 0.003018895787858316,
        "daily_ic": 0.00425518904299291,
        "icir": 0.04228745508211349,
        "dir_acc": 0.46993587223254113
      },
      "dmfm": {
        "n": 221277,
        "mse": 0.017692651599645615,
        "rmse": 0.13301372710981982,
        "mae": 0.08381450176239014,
        "ic": 0.08602437111699218,
        "daily_ic": 0.08495158446090464,
        "icir": 0.890530766447962,
        "dir_acc": 0.5106857016318912
      }
    }
  },
  "portfolio_metrics": {
    "short": {
      "baseline_linear": {
        "n": 13,
        "annual": 0.6498433292126999,
        "sharpe": 5.242794735819311,
        "win_rate": 0.6923076923076923,
        "total_return": 0.17912559644714565,
        "max_drawdown": -0.017177500434097714
      },
      "baseline_xgboost": {
        "n": 13,
        "annual": 1.0022306206707772,
        "sharpe": 6.15300360799877,
        "win_rate": 0.8461538461538461,
        "total_return": 0.28781493733471875,
        "max_drawdown": -0.021251151307622784
      },
      "baseline_lstm": {
        "n": 13,
        "annual": 0.7345646127771873,
        "sharpe": 5.3496484112236855,
        "win_rate": 0.8461538461538461,
        "total_return": 0.20433907776752025,
        "max_drawdown": -0.018677495419979095
      },
      "gat": {
        "n": 13,
        "annual": 0.3546841024349515,
        "sharpe": 5.977019553142704,
        "win_rate": 0.7692307692307693,
        "total_return": 0.0949981028558542,
        "max_drawdown": -0.006660300414886633
      },
      "dmfm": {
        "n": 13,
        "annual": 0.9726040862787229,
        "sharpe": 6.53710377774622,
        "win_rate": 0.8461538461538461,
        "total_return": 0.2788513811627844,
        "max_drawdown": -0.013391119334134172
      },
      "benchmark": {
        "n": 13,
        "annual": 0.7583585562400216,
        "sharpe": 4.201070250243175,
        "win_rate": 0.6153846153846154,
        "total_return": 0.20970717512258252,
        "max_drawdown": -0.034095094121023184
      }
    },
    "medium": {
      "baseline_linear": {
        "n": 33,
        "annual": 0.0342205104269934,
        "sharpe": 0.12260404627721692,
        "win_rate": 0.6060606060606061,
        "total_return": -0.0029137181169299753,
        "max_drawdown": -0.16091835706141489
      },
      "baseline_xgboost": {
        "n": 33,
        "annual": 0.301446545496583,
        "sharpe": 1.007958391844652,
        "win_rate": 0.6363636363636364,
        "total_return": 0.18300711579271667,
        "max_drawdown": -0.15712389653473158
      },
      "baseline_lstm": {
        "n": 33,
        "annual": 0.3754847021434795,
        "sharpe": 1.320098187525164,
        "win_rate": 0.6363636363636364,
        "total_return": 0.24488259217878183,
        "max_drawdown": -0.1398758900504905
      },
      "gat": {
        "n": 33,
        "annual": -0.15605301474305716,
        "sharpe": -0.5756128074453652,
        "win_rate": 0.5151515151515151,
        "total_return": -0.11857901111525393,
        "max_drawdown": -0.2293884227584908
      },
      "dmfm": {
        "n": 33,
        "annual": 0.39010693395340984,
        "sharpe": 1.2293350351965768,
        "win_rate": 0.6363636363636364,
        "total_return": 0.2486593569990856,
        "max_drawdown": -0.16374704480056868
      },
      "benchmark": {
        "n": 33,
        "annual": -0.08588329002480359,
        "sharpe": -0.32934085533638036,
        "win_rate": 0.45454545454545453,
        "total_return": -0.07485151518507793,
        "max_drawdown": -0.2185174320527129
      }
    },
    "long": {
      "baseline_linear": {
        "n": 58,