{
  "model_type": "dmfm",
  "artifact_dir": "artifacts/short",
  "weights": "artifacts/short/dmfm_wei2022_best.pt",
  "split": {
    "train_ratio": 0.8,
    "val_ratio": 0.1,
    "train_days": 230,
    "val_days": 25,
    "test_days": 64
  },
  "train": {
    "MSE": 0.0034657444339245558,
    "RMSE": 0.05887057358243213,
    "MAE": 0.03729642927646637,
    "IC": 0.32732564681874654,
    "DailyIC": 0.3368741833943382,
    "ICIR": 3.183785250483968,
    "DirAcc": 0.5235235102945618,
    "IC_ind": 0.32313588026745965,
    "DailyIC_ind": 0.32536967343403883,
    "ICIR_ind": 3.1954016330324087,
    "n": 176782
  },
  "val": {
    "MSE": 0.004407374653965235,
    "RMSE": 0.06638806108002579,
    "MAE": 0.03846694156527519,
    "IC": 0.07428049754209083,
    "DailyIC": 0.07623978985130578,
    "ICIR": 0.6324666877759371,
    "DirAcc": 0.5174545454545454,
    "IC_ind": 0.06996661630717373,
    "DailyIC_ind": 0.06863350915794529,
    "ICIR_ind": 0.542102481081516,
    "n": 19250
  },
  "test": {
    "MSE": 0.0031559793278574944,
    "RMSE": 0.05617810363351093,
    "MAE": 0.03475773707032204,
    "IC": 0.059326257771257065,
    "DailyIC": 0.0578164831262067,
    "ICIR": 0.7141244794860707,
    "DirAcc": 0.49993912337662333,
    "IC_ind": 0.058711952517821596,
    "DailyIC_ind": 0.05689587762229051,
    "ICIR_ind": 0.7019389549157955,
    "n": 49280
  },
  "naive_test": {
    "MSE": 0.0030592603143304586,
    "RMSE": 0.05531058049171477,
    "MAE": 0.033861059695482254,
    "n": 49280
  },
  "mse_improvement_vs_naive_pct": -3.161516300982159,
  "has_industry_labels": true
}