{
  "model_type": "dmfm",
  "artifact_dir": "artifacts/long",
  "weights": "artifacts/long/dmfm_wei2022_best.pt",
  "split": {
    "train_ratio": 0.8,
    "val_ratio": 0.1,
    "train_days": 1052,
    "val_days": 116,
    "test_days": 292
  },
  "train": {
    "MSE": 0.003328496590256691,
    "RMSE": 0.05769312428926597,
    "MAE": 0.037008244544267654,
    "IC": 0.19135632328525473,
    "DailyIC": 0.1966848501006263,
    "ICIR": 1.9993472407197925,
    "DirAcc": 0.5267486653698759,
    "IC_ind": 0.18125485887852372,
    "DailyIC_ind": 0.18388846666324365,
    "ICIR_ind": 1.9635728630195313,
    "n": 804588
  },
  "val": {
    "MSE": 0.003937734756618738,
    "RMSE": 0.06275137254768806,
    "MAE": 0.039721377193927765,
    "IC": 0.09741560515184251,
    "DailyIC": 0.09676006287069465,
    "ICIR": 1.3865791295178869,
    "DirAcc": 0.5018448946732859,
    "IC_ind": 0.094279372377668,
    "DailyIC_ind": 0.09270557458484549,
    "ICIR_ind": 1.2350634790095478,
    "n": 89436
  },
  "test": {
    "MSE": 0.0034468129742890596,
    "RMSE": 0.0587095645895033,
    "MAE": 0.03845517709851265,
    "IC": 0.08191664309945765,
    "DailyIC": 0.08068079615283404,
    "ICIR": 0.8051869264476138,
    "DirAcc": 0.5040650406504066,
    "IC_ind": 0.08574565240570714,
    "DailyIC_ind": 0.08384164529518474,
    "ICIR_ind": 0.9095326805270698,
    "n": 221277
  },
  "naive_test": {
    "MSE": 0.003104720963165164,
    "RMSE": 0.05572002300040053,
    "MAE": 0.0358288399875164,
    "n": 221277
  },
  "mse_improvement_vs_naive_pct": -11.018446268844206,
  "has_industry_labels": true
}