{
  "model_type": "dmfm",
  "artifact_dir": "artifacts/short",
  "weights": "artifacts/short/dmfm_wei2022_best.pt",
  "split": {
    "train_ratio": 0.8,
    "val_ratio": 0.1,
    "train_days": 230,
    "val_days": 25,
    "test_days": 64
  },
  "train": {
    "MSE": 0.0035663789603859186,
    "RMSE": 0.059719167445518855,
    "MAE": 0.037094973027706146,
    "IC": 0.293509022857978,
    "DailyIC": 0.2928032974460707,
    "ICIR": 2.6396960872244346,
    "DirAcc": 0.590909369047402,
    "IC_ind": 0.2789958172747721,
    "DailyIC_ind": 0.27864734946209585,
    "ICIR_ind": 2.6528914657201357,
    "n": 176782
  },
  "val": {
    "MSE": 0.0046233730390667915,
    "RMSE": 0.06799538983686167,
    "MAE": 0.03865576907992363,
    "IC": 0.08669315281847163,
    "DailyIC": 0.08886850491697322,
    "ICIR": 0.8449812012147585,
    "DirAcc": 0.5795324675324676,
    "IC_ind": 0.08624049177513105,
    "DailyIC_ind": 0.08802105538067834,
    "ICIR_ind": 0.830758957340943,
    "n": 19250
  },
  "test": {
    "MSE": 0.003380788490176201,
    "RMSE": 0.058144548241225516,
    "MAE": 0.034951236099004745,
    "IC": 0.06768510205384383,
    "DailyIC": 0.0662627660554624,
    "ICIR": 0.7797452822208895,
    "DirAcc": 0.571976461038961,
    "IC_ind": 0.06859344587557044,
    "DailyIC_ind": 0.0668892861060284,
    "ICIR_ind": 0.7679639452817496,
    "n": 49280
  },
  "naive_test": {
    "MSE": 0.0030592603143304586,
    "RMSE": 0.05531058049171477,
    "MAE": 0.033861059695482254,
    "n": 49280
  },
  "mse_improvement_vs_naive_pct": -10.5099972807025,
  "has_industry_labels": true
}