{
  "model_type": "factor_variant",
  "artifact_dir": "artifacts_unified/dynamic/long",
  "weights": "artifacts_unified/dynamic/long/gat_universe_best.pt",
  "model_config": {
    "in_dim": 56,
    "num_features": 56,
    "hidden_dim": 64,
    "heads": 2,
    "dropout": 0.1,
    "edge_dim": 2,
    "variant": "gat_universe",
    "use_factor_attention": true
  },
  "dynamic_graphs": {
    "enabled": true,
    "edge_dim": 2,
    "edge_attr": [
      "abs_corr",
      "signed_corr"
    ],
    "lookback": 60,
    "min_obs": 20,
    "industry_top_k": 20,
    "universe_top_k": 40,
    "avg_industry_edges": 12631.867123287671,
    "avg_universe_edges": 31057.41095890411,
    "max_industry_edges": 12849,
    "max_universe_edges": 31611
  },
  "checkpoint_format_version": 1,
  "checkpoint_is_legacy": false,
  "split": {
    "train_ratio": 0.8,
    "val_ratio": 0.1,
    "train_days": 1052,
    "val_days": 116,
    "test_days": 292
  },
  "train": {
    "MSE": 0.00320925354026258,
    "RMSE": 0.05665027396458538,
    "MAE": 0.03535923734307289,
    "IC": 0.15555653713132636,
    "DailyIC": 0.15738018534705306,
    "ICIR": 1.4651648790923055,
    "DirAcc": 0.55719332884009,
    "IC_ind": 0.1540935942399162,
    "DailyIC_ind": 0.15366387137931944,
    "ICIR_ind": 1.5195003562778968,
    "n": 804588
  },
  "val": {
    "MSE": 0.003723348490893841,
    "RMSE": 0.0610192468889435,
    "MAE": 0.0376974418759346,
    "IC": 0.10366743566104097,
    "DailyIC": 0.10266023417906708,
    "ICIR": 1.3623397706125933,
    "DirAcc": 0.5665839259358647,
    "IC_ind": 0.0987172872672516,
    "DailyIC_ind": 0.09746074836767199,
    "ICIR_ind": 1.3071487962227197,
    "n": 89436
  },
  "test": {
    "MSE": 0.0031824749894440174,
    "RMSE": 0.056413429158703135,
    "MAE": 0.03638174384832382,
    "IC": 0.0955445625920323,
    "DailyIC": 0.09094668957875297,
    "ICIR": 0.8223844764590721,
    "DirAcc": 0.5357673865788128,
    "IC_ind": 0.09416890298216396,
    "DailyIC_ind": 0.08979001923855147,
    "ICIR_ind": 0.8756648740631536,
    "n": 221277
  },
  "has_industry_labels": true
}