{
  "model_type": "factor_variant",
  "artifact_dir": "/Users/luoyi/Downloads/artifacts_gpu_static_to_20250601/static/short",
  "weights": "/Users/luoyi/Downloads/artifacts_gpu_static_to_20250601/static/short/mlp_best.pt",
  "model_config": {
    "in_dim": 56,
    "num_features": 56,
    "hidden_dim": 64,
    "heads": 2,
    "dropout": 0.1,
    "edge_dim": null,
    "variant": "mlp",
    "use_factor_attention": true
  },
  "dynamic_graphs": {
    "enabled": false
  },
  "checkpoint_format_version": 1,
  "checkpoint_is_legacy": false,
  "split": {
    "train_ratio": 0.8,
    "val_ratio": 0.1,
    "train_days": 414,
    "val_days": 46,
    "test_days": 116
  },
  "train": {
    "MSE": 0.009401819668710232,
    "RMSE": 0.09696298091906123,
    "MAE": 0.0880194678902626,
    "IC": 0.1646631203021574,
    "DailyIC": 0.16525577488711807,
    "ICIR": 2.1018499447050494,
    "DirAcc": 0.41616681934172123,
    "IC_ind": 0.1650363207749877,
    "DailyIC_ind": 0.1652557749301012,
    "ICIR_ind": 2.1018499415648892,
    "n": 425169
  },
  "val": {
    "MSE": 0.00948785338550806,
    "RMSE": 0.09740561270023437,
    "MAE": 0.0874306932091713,
    "IC": 0.03869896966751739,
    "DailyIC": 0.03801652222098396,
    "ICIR": 0.5347573318536056,
    "DirAcc": 0.446879309554728,
    "IC_ind": 0.03875187330873499,
    "DailyIC_ind": 0.03801652200054141,
    "ICIR_ind": 0.5347573317072589,
    "n": 48088
  },
  "test": {
    "MSE": 0.009396105073392391,
    "RMSE": 0.09693350851688178,
    "MAE": 0.08688054978847504,
    "IC": 0.0363071688689161,
    "DailyIC": 0.0396011601135613,
    "ICIR": 0.40837616441537306,
    "DirAcc": 0.4522813013020523,
    "IC_ind": 0.03637720275308596,
    "DailyIC_ind": 0.0396011599325377,
    "ICIR_ind": 0.40837616175672103,
    "n": 122576
  },
  "has_industry_labels": true
}