{
  "model_type": "factor_variant",
  "artifact_dir": "artifacts_gpu_static_to_20250601/static/short",
  "weights": "artifacts_gpu_static_to_20250601/static/short/mlp_best.pt",
  "model_config": {
    "in_dim": 56,
    "num_features": 56,
    "hidden_dim": 64,
    "heads": 2,
    "dropout": 0.1,
    "edge_dim": null,
    "variant": "mlp",
    "use_factor_attention": true
  },
  "dynamic_graphs": {
    "enabled": false
  },
  "checkpoint_format_version": 1,
  "checkpoint_is_legacy": false,
  "plots_dir": "runs_gpu_static_to_20250601/static/short/mlp/plots",
  "plots": {
    "daily_ic": "runs_gpu_static_to_20250601/static/short/mlp/plots/daily_ic.png",
    "pred_dispersion": "runs_gpu_static_to_20250601/static/short/mlp/plots/pred_dispersion.png",
    "hitrate_by_month": "runs_gpu_static_to_20250601/static/short/mlp/plots/hitrate_by_month.png",
    "ic_distribution": "runs_gpu_static_to_20250601/static/short/mlp/plots/ic_distribution.png",
    "cum_returns": "runs_gpu_static_to_20250601/static/short/mlp/plots/cum_returns.png",
    "attention_weights": "runs_gpu_static_to_20250601/static/short/mlp/plots/attention_weights.png"
  },
  "benchmark_path": "GAT0050.csv",
  "top_pct": 0.1,
  "rebalance_days": 5,
  "horizon": 5,
  "split": {
    "train_ratio": 0.8,
    "val_ratio": 0.1,
    "val_days": 46,
    "test_days": 116
  },
  "strategy": {
    "n": 24,
    "mean_return": -0.000805013463832438,
    "std_return": 0.058203753563095616,
    "annual_return": -0.04057267857715487,
    "annual_volatility": 0.4132056597061707,
    "sharpe": -0.09819003593998685,
    "hit_rate": 0.5833333333333334,
    "total_return": -0.05877057589433232,
    "cagr": -0.11943678272325009,
    "max_drawdown": -0.26143793861678244
  },
  "strategy_aligned": {
    "n": 24,
    "mean_return": -0.000805013463832438,
    "std_return": 0.058203753563095616,
    "annual_return": -0.04057267857715487,
    "annual_volatility": 0.4132056597061707,
    "sharpe": -0.09819003593998685,
    "hit_rate": 0.5833333333333334,
    "total_return": -0.05877057589433232,
    "cagr": -0.11943678272325009,
    "max_drawdown": -0.26143793861678244
  },
  "benchmark": {
    "n": 24,
    "mean_return": -0.0010151043123699753,
    "std_return": 0.0481763468052917,
    "annual_return": -0.05116125734344676,
    "annual_volatility": 0.34201813363005845,
    "sharpe": -0.14958638830181145,
    "hit_rate": 0.5416666666666666,
    "total_return": -0.0506812795789473,
    "cagr": -0.10346903343335268,
    "max_drawdown": -0.2737194557753494
  },
  "alignment": {
    "start": "2024-12-03",
    "end": "2025-05-29",
    "n_periods": 24
  },
  "top_attention_features": [
    {
      "rank": 1,
      "feature": "roll_max_5",
      "attention_weight": 0.02995755523443222
    },
    {
      "rank": 2,
      "feature": "amihud_20",
      "attention_weight": 0.02782953530550003
    },
    {
      "rank": 3,
      "feature": "macd",
      "attention_weight": 0.025342091917991638
    },
    {
      "rank": 4,
      "feature": "roll_max_60",
      "attention_weight": 0.02372201532125473
    },
    {
      "rank": 5,
      "feature": "pct_to_low_20",
      "attention_weight": 0.023326152935624123
    }
  ],
  "excess": {
    "annual_return": 0.010588578766291885,
    "total_return": -0.00808929631538502,
    "sharpe": 0.051396352361824604
  }
}