{
  "n": 121734,
  "mse": 0.0025333561934530735,
  "rmse": 0.05033245666022148,
  "mae": 0.0335131511092186,
  "ic": 0.06879622684138952,
  "daily_ic": 0.0688486995769385,
  "icir": 0.5967658961710023,
  "dir_acc": 0.523195073826769
}