{
  "n": 49280,
  "mse": 0.0030784467235207558,
  "rmse": 0.055483751887563944,
  "mae": 0.03396490961313248,
  "ic": 0.026635623908249886,
  "daily_ic": 0.028117267917345645,
  "icir": 0.4312878974812383,
  "dir_acc": 0.5224837662337662
}