{
  "n": 49280,
  "mse": 0.003078446490690112,
  "rmse": 0.05548374978937628,
  "mae": 0.03396490216255188,
  "ic": 0.026635124715605446,
  "daily_ic": 0.02811657289805922,
  "icir": 0.43127541850995926,
  "dir_acc": 0.5225040584415584
}