{
  "n": 221277,
  "mse": 0.003094115061685443,
  "rmse": 0.05562477021692263,
  "mae": 0.0358419269323349,
  "ic": 0.08366612459810277,
  "daily_ic": 0.08036742943125844,
  "icir": 0.7087492040612676,
  "dir_acc": 0.5270633640188542
}