{
  "model_type": "factor_variant",
  "artifact_dir": "artifacts_gpu_static_to_20250601/static/medium",
  "weights": "artifacts_gpu_static_to_20250601/static/medium/gat_universe_best.pt",
  "model_config": {
    "in_dim": 56,
    "num_features": 56,
    "hidden_dim": 64,
    "heads": 2,
    "dropout": 0.1,
    "edge_dim": null,
    "variant": "gat_universe",
    "use_factor_attention": true
  },
  "dynamic_graphs": {
    "enabled": false
  },
  "checkpoint_format_version": 1,
  "checkpoint_is_legacy": false,
  "plots_dir": "runs_gpu_static_to_20250601/static/medium/gat_universe/plots",
  "plots": {
    "daily_ic": "runs_gpu_static_to_20250601/static/medium/gat_universe/plots/daily_ic.png",
    "pred_dispersion": "runs_gpu_static_to_20250601/static/medium/gat_universe/plots/pred_dispersion.png",
    "hitrate_by_month": "runs_gpu_static_to_20250601/static/medium/gat_universe/plots/hitrate_by_month.png",
    "ic_distribution": "runs_gpu_static_to_20250601/static/medium/gat_universe/plots/ic_distribution.png",
    "cum_returns": "runs_gpu_static_to_20250601/static/medium/gat_universe/plots/cum_returns.png",
    "attention_weights": "runs_gpu_static_to_20250601/static/medium/gat_universe/plots/attention_weights.png"
  },
  "benchmark_path": "GAT0050.csv",
  "top_pct": 0.1,
  "rebalance_days": 5,
  "horizon": 5,
  "split": {
    "train_ratio": 0.8,
    "val_ratio": 0.1,
    "val_days": 124,
    "test_days": 311
  },
  "strategy": {
    "n": 63,
    "mean_return": 0.0053133098281539295,
    "std_return": 0.049963060439239364,
    "annual_return": 0.26779081533895804,
    "annual_volatility": 0.35470254211964186,
    "sharpe": 0.7549729239003641,
    "hit_rate": 0.5873015873015873,
    "total_return": 0.28879568405974565,
    "cagr": 0.22503150649755277,
    "max_drawdown": -0.32427081704359917
  },
  "strategy_aligned": {
    "n": 63,
    "mean_return": 0.0053133098281539295,
    "std_return": 0.049963060439239364,
    "annual_return": 0.26779081533895804,
    "annual_volatility": 0.35470254211964186,
    "sharpe": 0.7549729239003641,
    "hit_rate": 0.5873015873015873,
    "total_return": 0.28879568405974565,
    "cagr": 0.22503150649755277,
    "max_drawdown": -0.32427081704359917
  },
  "benchmark": {
    "n": 63,
    "mean_return": 0.005063255590419556,
    "std_return": 0.03843390717692153,
    "annual_return": 0.25518808175714564,
    "annual_volatility": 0.27285367348189526,
    "sharpe": 0.9352561704619243,
    "hit_rate": 0.5555555555555556,
    "total_return": 0.31203484656098057,
    "cagr": 0.24267137872239952,
    "max_drawdown": -0.2737194557753494
  },
  "alignment": {
    "start": "2024-02-16",
    "end": "2025-05-29",
    "n_periods": 63
  },
  "top_attention_features": [
    {
      "rank": 1,
      "feature": "atr_14",
      "attention_weight": 0.03848930448293686
    },
    {
      "rank": 2,
      "feature": "roll_min_5",
      "attention_weight": 0.028284670785069466
    },
    {
      "rank": 3,
      "feature": "macd",
      "attention_weight": 0.026956530287861824
    },
    {
      "rank": 4,
      "feature": "down_vol_20",
      "attention_weight": 0.026244331151247025
    },
    {
      "rank": 5,
      "feature": "macd_hist",
      "attention_weight": 0.02506452053785324
    }
  ],
  "excess": {
    "annual_return": 0.012602733581812409,
    "total_return": -0.023239162501234922,
    "sharpe": -0.18028324656156025
  }
}