{
  "prediction_metrics": {
    "short": {
      "baseline_linear": {
        "n": 49280,
        "mse": 0.003078446490690112,
        "rmse": 0.05548374978937628,
        "mae": 0.03396490216255188,
        "ic": 0.026635124715605446,
        "daily_ic": 0.02811657289805922,
        "icir": 0.43127541850995926,
        "dir_acc": 0.5225040584415584
      },
      "baseline_xgboost": {
        "n": 49280,
        "mse": 0.0031304024159908295,
        "rmse": 0.0559499992492478,
        "mae": 0.03441048786044121,
        "ic": 0.06440314851011637,
        "daily_ic": 0.06458980934823902,
        "icir": 0.9551281043884359,
        "dir_acc": 0.5269277597402597
      },
      "baseline_lstm": {
        "n": 49280,
        "mse": 0.00437322398647666,
        "rmse": 0.0661303560135333,
        "mae": 0.03936939686536789,
        "ic": 0.01812033052782413,
        "daily_ic": 0.021129739459907017,
        "icir": 0.32671950995687793,
        "dir_acc": 0.5562297077922078
      },
      "gat": {
        "n": 49280,
        "mse": 0.014555,
        "rmse": 0.120645,
        "mae": 0.105491,
        "ic": -0.0225,
        "daily_ic": -0.0175,
        "icir": -0.2615,
        "dir_acc": 0.4169
      },
      "dmfm": {
        "n": 49280,
        "mse": 0.003168,
        "rmse": 0.056281,
        "mae": 0.03378,
        "ic": 0.0721,
        "daily_ic": 0.0717,
        "icir": 0.8228,
        "dir_acc": 0.5821
      }
    },
    "medium": {
      "baseline_linear": {
        "n": 121734,
        "mse": 0.0025220257230103016,
        "rmse": 0.05021977422301201,
        "mae": 0.033423926681280136,
        "ic": 0.02492315369391937,
        "daily_ic": 0.022488713509865976,
        "icir": 0.21923312858312027,
        "dir_acc": 0.5091625968092317
      },
      "baseline_xgboost": {
        "n": 121734,
        "mse": 0.0025333561934530735,
        "rmse": 0.05033245666022148,
        "mae": 0.0335131511092186,
        "ic": 0.06879622684138953,
        "daily_ic": 0.0688486995769385,
        "icir": 0.5967658961710023,
        "dir_acc": 0.523195073826769
      },
      "baseline_lstm": {
        "n": 121734,
        "mse": 0.003179095219820738,
        "rmse": 0.056383465837253545,
        "mae": 0.03674781322479248,
        "ic": 0.05192052031952848,
        "daily_ic": 0.048763929355821425,
        "icir": 0.45253069292684645,
        "dir_acc": 0.5238926162555888
      },
      "gat": {
        "n": 121734,
        "mse": 0.016715,
        "rmse": 0.129288,
        "mae": 0.117121,
        "ic": -0.0013,
        "daily_ic": -0.0007,
        "icir": -0.0107,
        "dir_acc": 0.4504
      },
      "dmfm": {
        "n": 121734,
        "mse": 0.00393,
        "rmse": 0.062687,
        "mae": 0.046056,
        "ic": 0.0815,
        "daily_ic": 0.0826,
        "icir": 0.6762,
        "dir_acc": 0.5565
      }
    },
    "long": {
      "baseline_linear": {
        "n": 221277,
        "mse": 0.003100732574239373,
        "rmse": 0.0556842219505613,
        "mae": 0.035865943878889084,
        "ic": 0.04140145365255922,
        "daily_ic": 0.03625760952863948,
        "icir": 0.38654873189225447,
        "dir_acc": 0.5096282035638587
      },
      "baseline_xgboost": {
        "n": 221277,
        "mse": 0.003094115061685443,
        "rmse": 0.05562477021692263,
        "mae": 0.0358419269323349,
        "ic": 0.08366612459810277,
        "daily_ic": 0.08036742943125844,
        "icir": 0.7087492040612676,
        "dir_acc": 0.5270633640188542
      },
      "baseline_lstm": {
        "n": 221277,
        "mse": 0.0036496464163064957,
        "rmse": 0.060412303517632035,
        "mae": 0.037686336785554886,
        "ic": 0.03441239917593732,
        "daily_ic": 0.03230519703565992,
        "icir": 0.387372165458045,
        "dir_acc": 0.5350262340866876
      },
      "gat": {
        "n": 221277,
        "mse": 0.006532,
        "rmse": 0.080821,
        "mae": 0.060471,
        "ic": -0.0096,
        "daily_ic": -0.0085,
        "icir": -0.1032,
        "dir_acc": 0.5266
      },
      "dmfm": {
        "n": 221277,
        "mse": 0.014716,
        "rmse": 0.121309,
        "mae": 0.091419,
        "ic": 0.0834,
        "daily_ic": 0.0823,
        "icir": 0.7854,
        "dir_acc": 0.5663
      }
    }
  },
  "portfolio_metrics": {
    "short": {
      "gat": {
        "n": 13,
        "annual": 0.4357,
        "sharpe": 7.16,
        "win_rate": 0.769
      },
      "benchmark": {
        "n": 13,
        "annual": 0.7584,
        "sharpe": 4.201,
        "win_rate": 0.615
      },
      "dmfm": {
        "n": 13,
        "annual": 0.9298,
        "sharpe": 8.002,
        "win_rate": 0.846
      }
    },
    "medium": {
      "gat": {
        "n": 33,
        "annual": 0.1158,
        "sharpe": 0.57,
        "win_rate": 0.636
      },
      "benchmark": {
        "n": 33,
        "annual": -0.089,
        "sharpe": -0.341,
        "win_rate": 0.424
      },
      "dmfm": {
        "n": 33,
        "annual": 0.3734,
        "sharpe": 1.274,
        "win_rate": 0.667
      }
    },
    "long": {
      "gat": {
        "n": 35,
        "annual": -0.0614,
        "sharpe": -0.404,
        "win_rate": 0.571
      },
      "benchmark": {
        "n": 35,
        "annual": -0.0335,
        "sharpe": -0.113,
        "win_rate": 0.486
      },
      "dmfm": {
        "n": 35,
        "annual": 0.3131,
        "sharpe": 1.369,
        "win_rate": 0.629
      }
    }
  },
  "dmfm_attention_top5": {
    "short": [
      {
        "feature": "down_vol_20",
        "weight": 0.034172
      },
      {
        "feature": "ret_20",
        "weight": 0.027327
      },
      {
        "feature": "roll_max_60",
        "weight": 0.025634
      },
      {
        "feature": "amihud_20",
        "weight": 0.024724
      },
      {
        "feature": "zscore_close_20",
        "weight": 0.023404
      }
    ],
    "medium": [
      {
        "feature": "vol_over_ma_5",
        "weight": 0.028713
      },
      {
        "feature": "roll_min_20",
        "weight": 0.027529
      },
      {
        "feature": "macd_signal",
        "weight": 0.025149
      },
      {
        "feature": "roll_max_5",
        "weight": 0.025049
      },
      {
        "feature": "pct_to_high_20",
        "weight": 0.022947
      }
    ],
    "long": [
      {
        "feature": "pct_to_low_20",
        "weight": 0.032454
      },
      {
        "feature": "roll_max_5",
        "weight": 0.025822
      },
      {
        "feature": "roll_min_60",
        "weight": 0.024224
      },
      {
        "feature": "macd_hist",
        "weight": 0.023113
      },
      {
        "feature": "amihud_5",
        "weight": 0.022753
      }
    ]
  }
}