{
  "prediction_metrics": {
    "short": {
      "baseline_linear": {
        "n": 49280,
        "mse": 0.0030784467235207558,
        "rmse": 0.055483751887563944,
        "mae": 0.03396490961313248,
        "ic": 0.026635623908249886,
        "daily_ic": 0.028117267917345645,
        "icir": 0.4312878974812383,
        "dir_acc": 0.5224837662337662
      },
      "baseline_xgboost": {
        "n": 49280,
        "mse": 0.0031304024159908295,
        "rmse": 0.0559499992492478,
        "mae": 0.03441048786044121,
        "ic": 0.0644031485101164,
        "daily_ic": 0.06458980934823903,
        "icir": 0.9551281043884361,
        "dir_acc": 0.5269277597402597
      },
      "baseline_lstm": {
        "n": 49280,
        "mse": 0.00437322398647666,
        "rmse": 0.0661303560135333,
        "mae": 0.03936939686536789,
        "ic": 0.01812033052782414,
        "daily_ic": 0.021129739459907017,
        "icir": 0.32671950995687793,
        "dir_acc": 0.5562297077922078
      },
      "gat": {
        "n": 49280,
        "mse": 0.033059,
        "rmse": 0.181822,
        "mae": 0.171357,
        "ic": -0.0205,
        "daily_ic": -0.0172,
        "icir": -0.413,
        "dir_acc": 0.5654,
        "dir_acc_pct": 56.54
      },
      "dmfm": {
        "n": 49280,
        "mse": 0.065818,
        "rmse": 0.25655,
        "mae": 0.208451,
        "ic": 0.0231,
        "daily_ic": 0.0186,
        "icir": 0.2631,
        "dir_acc": 0.5275,
        "dir_acc_pct": 52.75
      }
    },
    "medium": {
      "baseline_linear": {
        "n": 121734,
        "mse": 0.0025220252573490143,
        "rmse": 0.05021976958677742,
        "mae": 0.03342391923069954,
        "ic": 0.024922690504056662,
        "daily_ic": 0.022488603454351264,
        "icir": 0.2192392416858133,
        "dir_acc": 0.5091545905323106
      },
      "baseline_xgboost": {
        "n": 121734,
        "mse": 0.0025333561934530735,
        "rmse": 0.05033245666022148,
        "mae": 0.0335131511092186,
        "ic": 0.06879622684138952,
        "daily_ic": 0.0688486995769385,
        "icir": 0.5967658961710023,
        "dir_acc": 0.523195073826769
      },
      "baseline_lstm": {
        "n": 121734,
        "mse": 0.003179095219820738,
        "rmse": 0.056383465837253545,
        "mae": 0.03674781322479248,
        "ic": 0.05192052031952845,
        "daily_ic": 0.048763929355821425,
        "icir": 0.4525306929268464,
        "dir_acc": 0.5238926162555888
      },
      "gat": {
        "n": 121734,
        "mse": 0.017578,
        "rmse": 0.132581,
        "mae": 0.116884,
        "ic": -0.0094,
        "daily_ic": -0.0087,
        "icir": -0.0866,
        "dir_acc": 0.4539,
        "dir_acc_pct": 45.39
      },
      "dmfm": {
        "n": 121734,
        "mse": 0.031593,
        "rmse": 0.177744,
        "mae": 0.140333,
        "ic": -0.0305,
        "daily_ic": -0.0323,
        "icir": -0.4025,
        "dir_acc": 0.5041,
        "dir_acc_pct": 50.41
      }
    },
    "long": {
      "baseline_linear": {
        "n": 221277,
        "mse": 0.003100735368207097,
        "rmse": 0.05568424703816239,
        "mae": 0.03586596995592117,
        "ic": 0.04139344840604049,
        "daily_ic": 0.03625357905058435,
        "icir": 0.3865261685985268,
        "dir_acc": 0.5095965690062682
      },
      "baseline_xgboost": {
        "n": 221277,
        "mse": 0.003094115061685443,
        "rmse": 0.05562477021692263,
        "mae": 0.0358419269323349,
        "ic": 0.0836661245981027,
        "daily_ic": 0.08036742943125844,
        "icir": 0.7087492040612676,
        "dir_acc": 0.5270633640188542
      },
      "baseline_lstm": {
        "n": 221277,
        "mse": 0.0036496464163064957,
        "rmse": 0.060412303517632035,
        "mae": 0.037686336785554886,
        "ic": 0.034412399175937296,
        "daily_ic": 0.03230519703565993,
        "icir": 0.38737216545804504,
        "dir_acc": 0.5350262340866876
      },
      "gat": {
        "n": 221277,
        "mse": 0.028345,
        "rmse": 0.16836,
        "mae": 0.151353,
        "ic": 0.0025,
        "daily_ic": 0.0041,
        "icir": 0.0508,
        "dir_acc": 0.5019,
        "dir_acc_pct": 50.19
      },
      "dmfm": {
        "n": 221277,
        "mse": 0.053162,
        "rmse": 0.23057,
        "mae": 0.190484,
        "ic": -0.0012,
        "daily_ic": -0.0041,
        "icir": -0.0481,
        "dir_acc": 0.5122,
        "dir_acc_pct": 51.22
      }
    }
  },
  "portfolio_metrics": {
    "short": {
      "gat": {
        "n": 13,
        "annual": -0.1206,
        "sharpe": -2.526,
        "win_rate": 0.462
      },
      "benchmark": {
        "n": 13,
        "annual": 0.7584,
        "sharpe": 4.201,
        "win_rate": 0.615
      },
      "dmfm": {
        "n": 13,
        "annual": 0.1085,
        "sharpe": 2.929,
        "win_rate": 0.538
      }
    },
    "medium": {
      "gat": {
        "n": 33,
        "annual": -0.0746,
        "sharpe": -0.501,
        "win_rate": 0.515
      },
      "benchmark": {
        "n": 33,
        "annual": -0.089,
        "sharpe": -0.341,
        "win_rate": 0.424
      },
      "dmfm": {
        "n": 33,
        "annual": -0.1611,
        "sharpe": -2.341,
        "win_rate": 0.364
      }
    },
    "long": {
      "gat": {
        "n": 35,
        "annual": 0.0566,
        "sharpe": 0.816,
        "win_rate": 0.514
      },
      "benchmark": {
        "n": 35,
        "annual": -0.0335,
        "sharpe": -0.113,
        "win_rate": 0.486
      },
      "dmfm": {
        "n": 35,
        "annual": -0.0286,
        "sharpe": -0.33,
        "win_rate": 0.514
      }
    }
  },
  "dmfm_attention_top5": {
    "short": [
      {
        "feature": "amihud_5",
        "weight": 0.027828
      },
      {
        "feature": "rev_1",
        "weight": 0.022539
      },
      {
        "feature": "up_vol_20",
        "weight": 0.020473
      },
      {
        "feature": "roll_min_5",
        "weight": 0.019635
      },
      {
        "feature": "roll_max_10",
        "weight": 0.019583
      }
    ],
    "medium": [
      {
        "feature": "ps",
        "weight": 0.060802
      },
      {
        "feature": "roll_max_10",
        "weight": 0.03702
      },
      {
        "feature": "amihud_5",
        "weight": 0.031787
      },
      {
        "feature": "down_vol_20",
        "weight": 0.030234
      },
      {
        "feature": "rev_10",
        "weight": 0.030228
      }
    ],
    "long": [
      {
        "feature": "ps",
        "weight": 0.027424
      },
      {
        "feature": "amihud_20",
        "weight": 0.024589
      },
      {
        "feature": "roll_min_5",
        "weight": 0.022646
      },
      {
        "feature": "amihud_5",
        "weight": 0.022049
      },
      {
        "feature": "roll_max_10",
        "weight": 0.022046
      }
    ]
  }
}