{
  "model_type": "lstm",
  "artifact_dir": "artifacts/long",
  "weights": "artifacts/long/baseline_lstm.pt",
  "scaler": null,
  "split": {
    "train_ratio": 0.8,
    "val_ratio": 0.1,
    "train_days": 1052,
    "val_days": 116,
    "test_days": 292
  },
  "train": {
    "MSE": 0.003147786734915224,
    "RMSE": 0.05610514000441692,
    "MAE": 0.03519330984435577,
    "IC": 0.16977544016219803,
    "ICIR": 1.5042069798400397,
    "DirAcc": 0.5461257758038212,
    "DailyIC": 0.15790186809221401
  },
  "val": {
    "MSE": 0.003679223963108747,
    "RMSE": 0.06065660692050576,
    "MAE": 0.037724855251492606,
    "IC": 0.0886926887193401,
    "ICIR": 1.3377351944975842,
    "DirAcc": 0.5559394427299968,
    "DailyIC": 0.0876025052798803
  },
  "test": {
    "MSE": 0.003128027946722953,
    "RMSE": 0.055928775659073324,
    "MAE": 0.036127471117835486,
    "IC": 0.06732589024614967,
    "ICIR": 0.5700364332624062,
    "DirAcc": 0.5266747108827398,
    "DailyIC": 0.05665679570861029
  },
  "naive_test": {
    "MSE": 0.0031047211524372026,
    "RMSE": 0.05572002469882082,
    "MAE": 0.03582884016785325,
    "n": 221277
  },
  "mse_improvement_vs_naive_pct": -0.7506888104090947,
  "has_industry_labels": false,
  "lookback": 10,
  "model": "lstm"
}