{
  "model_type": "factor_variant",
  "artifact_dir": "artifacts_gpu_static_to_20250601/static/long",
  "weights": "artifacts_gpu_static_to_20250601/static/long/dmfm_ind_neutral_best.pt",
  "model_config": {
    "in_dim": 56,
    "num_features": 56,
    "hidden_dim": 64,
    "heads": 2,
    "dropout": 0.1,
    "edge_dim": null,
    "variant": "dmfm_ind_neutral",
    "use_factor_attention": true
  },
  "dynamic_graphs": {
    "enabled": false
  },
  "checkpoint_format_version": 1,
  "checkpoint_is_legacy": false,
  "plots_dir": "runs_gpu_static_to_20250601/static/long/dmfm_ind_neutral/plots",
  "plots": {
    "daily_ic": "runs_gpu_static_to_20250601/static/long/dmfm_ind_neutral/plots/daily_ic.png",
    "pred_dispersion": "runs_gpu_static_to_20250601/static/long/dmfm_ind_neutral/plots/pred_dispersion.png",
    "hitrate_by_month": "runs_gpu_static_to_20250601/static/long/dmfm_ind_neutral/plots/hitrate_by_month.png",
    "ic_distribution": "runs_gpu_static_to_20250601/static/long/dmfm_ind_neutral/plots/ic_distribution.png",
    "cum_returns": "runs_gpu_static_to_20250601/static/long/dmfm_ind_neutral/plots/cum_returns.png",
    "attention_weights": "runs_gpu_static_to_20250601/static/long/dmfm_ind_neutral/plots/attention_weights.png"
  },
  "benchmark_path": "GAT0050.csv",
  "top_pct": 0.1,
  "rebalance_days": 5,
  "horizon": 5,
  "split": {
    "train_ratio": 0.8,
    "val_ratio": 0.1,
    "val_days": 222,
    "test_days": 557
  },
  "strategy": {
    "n": 112,
    "mean_return": 0.007677865552198325,
    "std_return": 0.030224880892657523,
    "annual_return": 0.3869644238307956,
    "annual_volatility": 0.21457536815477407,
    "sharpe": 1.8033962945442865,
    "hit_rate": 0.6607142857142857,
    "total_return": 1.2360313565511158,
    "cagr": 0.4363657811132773,
    "max_drawdown": -0.20108561438410955
  },
  "strategy_aligned": {
    "n": 112,
    "mean_return": 0.007677865552198325,
    "std_return": 0.030224880892657523,
    "annual_return": 0.3869644238307956,
    "annual_volatility": 0.21457536815477407,
    "sharpe": 1.8033962945442865,
    "hit_rate": 0.6607142857142857,
    "total_return": 1.2360313565511158,
    "cagr": 0.4363657811132773,
    "max_drawdown": -0.20108561438410955
  },
  "benchmark": {
    "n": 112,
    "mean_return": 0.0047854978169382875,
    "std_return": 0.035657588792700506,
    "annual_return": 0.24118908997368968,
    "annual_volatility": 0.2531437682046899,
    "sharpe": 0.9527751430904918,
    "hit_rate": 0.5446428571428571,
    "total_return": 0.5898548304139335,
    "cagr": 0.23200043684943594,
    "max_drawdown": -0.23993209392391646
  },
  "alignment": {
    "start": "2023-02-09",
    "end": "2025-05-28",
    "n_periods": 112
  },
  "top_attention_features": [
    {
      "rank": 1,
      "feature": "macd",
      "attention_weight": 0.03549414873123169
    },
    {
      "rank": 2,
      "feature": "roll_max_10",
      "attention_weight": 0.030243907123804092
    },
    {
      "rank": 3,
      "feature": "macd_signal",
      "attention_weight": 0.028757844120264053
    },
    {
      "rank": 4,
      "feature": "roll_max_20",
      "attention_weight": 0.02835366688668728
    },
    {
      "rank": 5,
      "feature": "roll_min_20",
      "attention_weight": 0.023666096851229668
    }
  ],
  "excess": {
    "annual_return": 0.14577533385710592,
    "total_return": 0.6461765261371823,
    "sharpe": 0.8506211514537947
  }
}