{
  "model_type": "factor_variant",
  "artifact_dir": "/Users/luoyi/Downloads/artifacts_gpu_static_to_20250601/static/short",
  "weights": "/Users/luoyi/Downloads/artifacts_gpu_static_to_20250601/static/short/gat_two_graph_no_neutral_best.pt",
  "model_config": {
    "in_dim": 56,
    "num_features": 56,
    "hidden_dim": 64,
    "heads": 2,
    "dropout": 0.1,
    "edge_dim": null,
    "variant": "gat_two_graph_no_neutral",
    "use_factor_attention": true
  },
  "dynamic_graphs": {
    "enabled": false
  },
  "checkpoint_format_version": 1,
  "checkpoint_is_legacy": false,
  "split": {
    "train_ratio": 0.8,
    "val_ratio": 0.1,
    "train_days": 414,
    "val_days": 46,
    "test_days": 116
  },
  "train": {
    "MSE": 0.002346990630030632,
    "RMSE": 0.048445749349459256,
    "MAE": 0.03112534061074257,
    "IC": 0.23570332443893358,
    "DailyIC": 0.23911125764700863,
    "ICIR": 3.381307917716262,
    "DirAcc": 0.41624510618026145,
    "IC_ind": 0.2379743862277825,
    "DailyIC_ind": 0.23911125759129068,
    "ICIR_ind": 3.38130791481656,
    "n": 425169
  },
  "val": {
    "MSE": 0.002294488251209259,
    "RMSE": 0.047900816811503946,
    "MAE": 0.030964570119976997,
    "IC": 0.06568523692911853,
    "DailyIC": 0.07058482607370827,
    "ICIR": 1.1099994048335928,
    "DirAcc": 0.4471880059792659,
    "IC_ind": 0.0665778526302138,
    "DailyIC_ind": 0.07058482656774513,
    "ICIR_ind": 1.1099994035612528,
    "n": 48088
  },
  "test": {
    "MSE": 0.0022707239259034395,
    "RMSE": 0.047652113551273245,
    "MAE": 0.032470472157001495,
    "IC": 0.026701196268119537,
    "DailyIC": 0.027138122105905785,
    "ICIR": 0.24964557210934146,
    "DirAcc": 0.4522297594748737,
    "IC_ind": 0.0269417427629698,
    "DailyIC_ind": 0.027138122094291416,
    "ICIR_ind": 0.24964557202216342,
    "n": 122576
  },
  "has_industry_labels": true
}