{
  "n": 221277,
  "mse": 0.003100735368207097,
  "rmse": 0.05568424703816239,
  "mae": 0.03586596995592117,
  "ic": 0.04139344840604049,
  "daily_ic": 0.03625357905058435,
  "icir": 0.3865261685985268,
  "dir_acc": 0.5095965690062682
}