{
  "n": 221277,
  "mse": 0.003100732574239373,
  "rmse": 0.0556842219505613,
  "mae": 0.035865943878889084,
  "ic": 0.04140145365255922,
  "daily_ic": 0.03625760952863948,
  "icir": 0.38654873189225447,
  "dir_acc": 0.5096282035638587
}