{
  "model_type": "gat",
  "artifact_dir": "artifacts/short",
  "weights": "artifacts/short/gat_regressor.pt",
  "split": {
    "train_ratio": 0.8,
    "val_ratio": 0.1,
    "train_days": 230,
    "val_days": 25,
    "test_days": 64
  },
  "train": {
    "MSE": 0.013192146085202694,
    "RMSE": 0.11485706806811105,
    "MAE": 0.09400466084480286,
    "IC": 0.012379977483289083,
    "DailyIC": 0.011594803258027609,
    "ICIR": 0.1792491818081827,
    "DirAcc": 0.5285750117118783,
    "IC_ind": -0.002990482650108305,
    "DailyIC_ind": -0.001974943394339448,
    "ICIR_ind": -0.03468511899246541,
    "n": 176782
  },
  "val": {
    "MSE": 0.013456937856972218,
    "RMSE": 0.1160040424165133,
    "MAE": 0.09274174273014069,
    "IC": -0.006280905685866856,
    "DailyIC": -0.0032322279519728363,
    "ICIR": -0.047503338221886536,
    "DirAcc": 0.5284155844155844,
    "IC_ind": -0.010666647310706186,
    "DailyIC_ind": 0.0005207387468685574,
    "ICIR_ind": 0.007362924496025023,
    "n": 19250
  },
  "test": {
    "MSE": 0.01325098518282175,
    "RMSE": 0.11511292361338822,
    "MAE": 0.09628891199827194,
    "IC": -0.007994745142011716,
    "DailyIC": -0.007874379170518793,
    "ICIR": -0.1742475866512884,
    "DirAcc": 0.5429586038961038,
    "IC_ind": -0.005750601356016155,
    "DailyIC_ind": -0.005856688466795443,
    "ICIR_ind": -0.12134046884179053,
    "n": 49280
  },
  "naive_test": {
    "MSE": 0.0030592603143304586,
    "RMSE": 0.05531058049171477,
    "MAE": 0.033861059695482254,
    "n": 49280
  },
  "mse_improvement_vs_naive_pct": -333.1434340762148,
  "has_industry_labels": true
}