{
  "model_type": "factor_variant",
  "artifact_dir": "artifacts_dynamic_only_6_8/dynamic/long",
  "weights": "artifacts_dynamic_only_6_8/dynamic/long/mlp_best.pt",
  "model_config": {
    "in_dim": 56,
    "num_features": 56,
    "hidden_dim": 64,
    "heads": 2,
    "dropout": 0.1,
    "edge_dim": 2,
    "variant": "mlp",
    "use_factor_attention": true
  },
  "dynamic_graphs": {
    "enabled": true,
    "edge_dim": 2,
    "edge_attr": [
      "abs_corr",
      "signed_corr"
    ],
    "lookback": 60,
    "min_obs": 20,
    "industry_selection": "top_pct",
    "industry_top_k": null,
    "industry_top_pct": 0.5,
    "universe_top_k": 100,
    "avg_industry_edges": 18162.94176851186,
    "avg_universe_edges": 95627.10999281093,
    "max_industry_edges": 19908,
    "max_universe_edges": 107060
  },
  "checkpoint_format_version": 1,
  "checkpoint_is_legacy": false,
  "split": {
    "train_ratio": 0.8,
    "val_ratio": 0.1,
    "train_days": 2003,
    "val_days": 222,
    "test_days": 557
  },
  "train": {
    "MSE": 0.005506905261427164,
    "RMSE": 0.07420852553060979,
    "MAE": 0.033129189163446426,
    "IC": 0.10690471190275865,
    "DailyIC": 0.1588786022980308,
    "ICIR": 1.6125004387299138,
    "DirAcc": 0.43149077321801177,
    "IC_ind": 0.1173381022843809,
    "DailyIC_ind": 0.15636391769168104,
    "ICIR_ind": 1.6377339404341695,
    "n": 1852992
  },
  "val": {
    "MSE": 0.0021778508089482784,
    "RMSE": 0.046667449136933534,
    "MAE": 0.032510146498680115,
    "IC": 0.05958271338654292,
    "DailyIC": 0.05939674853513625,
    "ICIR": 0.6761072987116078,
    "DirAcc": 0.45282351525185816,
    "IC_ind": 0.05559005357545274,
    "DailyIC_ind": 0.05636240768819869,
    "ICIR_ind": 0.6829726098081519,
    "n": 222867
  },
  "test": {
    "MSE": 0.002502919640392065,
    "RMSE": 0.05002918788459458,
    "MAE": 0.03479747846722603,
    "IC": 0.05568283811487278,
    "DailyIC": 0.05481464218974367,
    "ICIR": 0.7486586675009081,
    "DirAcc": 0.4249629944855103,
    "IC_ind": 0.05253457569028756,
    "DailyIC_ind": 0.05146674050839397,
    "ICIR_ind": 0.7373737066513394,
    "n": 576585
  },
  "has_industry_labels": true
}