{
  "model_type": "factor_variant",
  "artifact_dir": "artifacts_unified/dynamic/medium",
  "weights": "artifacts_unified/dynamic/medium/mlp_best.pt",
  "model_config": {
    "in_dim": 56,
    "num_features": 56,
    "hidden_dim": 64,
    "heads": 2,
    "dropout": 0.1,
    "edge_dim": 2,
    "variant": "mlp",
    "use_factor_attention": true
  },
  "dynamic_graphs": {
    "enabled": true,
    "edge_dim": 2,
    "edge_attr": [
      "abs_corr",
      "signed_corr"
    ],
    "lookback": 60,
    "min_obs": 20,
    "industry_top_k": 20,
    "universe_top_k": 40,
    "avg_industry_edges": 12463.341161928307,
    "avg_universe_edges": 30627.761433868975,
    "max_industry_edges": 12849,
    "max_universe_edges": 31611
  },
  "checkpoint_format_version": 1,
  "checkpoint_is_legacy": false,
  "split": {
    "train_ratio": 0.8,
    "val_ratio": 0.1,
    "train_days": 583,
    "val_days": 64,
    "test_days": 162
  },
  "train": {
    "MSE": 0.003935801796615124,
    "RMSE": 0.0627359689222628,
    "MAE": 0.038599226623773575,
    "IC": 0.17134794228032074,
    "DailyIC": 0.17639086508588867,
    "ICIR": 1.778544208138086,
    "DirAcc": 0.5845374360451759,
    "IC_ind": 0.17161520513409642,
    "DailyIC_ind": 0.17537950328209398,
    "ICIR_ind": 1.8737273482972747,
    "n": 448856
  },
  "val": {
    "MSE": 0.0030069146305322647,
    "RMSE": 0.05483534107245312,
    "MAE": 0.034413836896419525,
    "IC": 0.09741911688380407,
    "DailyIC": 0.10816312956879102,
    "ICIR": 1.409294114979911,
    "DirAcc": 0.5386651683139165,
    "IC_ind": 0.09199718189519082,
    "DailyIC_ind": 0.10051601681134668,
    "ICIR_ind": 1.4425421636999054,
    "n": 46645
  },
  "test": {
    "MSE": 0.003038646187633276,
    "RMSE": 0.055123916657230335,
    "MAE": 0.036790214478969574,
    "IC": 0.0883675676738219,
    "DailyIC": 0.0877171720931627,
    "ICIR": 0.9342840855566367,
    "DirAcc": 0.5534641025230447,
    "IC_ind": 0.09132596094566467,
    "DailyIC_ind": 0.0904937755366113,
    "ICIR_ind": 1.022042344423828,
    "n": 121734
  },
  "has_industry_labels": true
}