{
  "model_type": "lstm",
  "artifact_dir": "artifacts/medium",
  "weights": "artifacts/medium/baseline_lstm.pt",
  "scaler": null,
  "split": {
    "train_ratio": 0.8,
    "val_ratio": 0.1,
    "train_days": 583,
    "val_days": 64,
    "test_days": 162
  },
  "train": {
    "MSE": 0.0036726611173182777,
    "RMSE": 0.060602484415395695,
    "MAE": 0.037283119717438744,
    "IC": 0.15214995835943804,
    "ICIR": 1.5114304138134234,
    "DirAcc": 0.5658692863397052,
    "DailyIC": 0.1438265332028056
  },
  "val": {
    "MSE": 0.0025031776063411497,
    "RMSE": 0.05003176597264132,
    "MAE": 0.030231963306139344,
    "IC": 0.09920220689438143,
    "ICIR": 1.3517152059214999,
    "DirAcc": 0.539671990567049,
    "DailyIC": 0.10971866337805629
  },
  "test": {
    "MSE": 0.002543019563239745,
    "RMSE": 0.05042836070347464,
    "MAE": 0.033475134087633224,
    "IC": 0.06959356837997868,
    "ICIR": 0.550931044283831,
    "DirAcc": 0.5380337457078548,
    "DailyIC": 0.06605143753973347
  },
  "naive_test": {
    "MSE": 0.0025143943373104375,
    "RMSE": 0.0501437367705124,
    "MAE": 0.03333032908613809,
    "n": 121734
  },
  "mse_improvement_vs_naive_pct": -1.1384541201252762,
  "has_industry_labels": false,
  "lookback": 10,
  "model": "lstm"
}