{
  "model_type": "gat",
  "artifact_dir": "artifacts/short",
  "weights": "artifacts/short/gat_regressor.pt",
  "split": {
    "train_ratio": 0.8,
    "val_ratio": 0.1,
    "train_days": 230,
    "val_days": 25,
    "test_days": 64
  },
  "train": {
    "MSE": 0.013398201204836369,
    "RMSE": 0.11575059915540986,
    "MAE": 0.09401673823595047,
    "IC": -0.017200811785894443,
    "DailyIC": -0.017016055295441448,
    "ICIR": -0.19461249312115292,
    "DirAcc": 0.5391310190129744,
    "IC_ind": 0.013271198239866737,
    "DailyIC_ind": 0.015954505380696038,
    "ICIR_ind": 0.36375197137664805,
    "n": 176782
  },
  "val": {
    "MSE": 0.0156160369515419,
    "RMSE": 0.12496414266317318,
    "MAE": 0.10279208421707153,
    "IC": 0.006452396129304051,
    "DailyIC": 0.006391962807401515,
    "ICIR": 0.08033709732552684,
    "DirAcc": 0.5615584415584415,
    "IC_ind": 0.00806182270067,
    "DailyIC_ind": 0.013350806637088769,
    "ICIR_ind": 0.39803704990943795,
    "n": 19250
  },
  "test": {
    "MSE": 0.012775443494319916,
    "RMSE": 0.11302850744091031,
    "MAE": 0.0939246416091919,
    "IC": -0.024614660435292274,
    "DailyIC": -0.020542285020561744,
    "ICIR": -0.34064087266221843,
    "DirAcc": 0.5532873376623377,
    "IC_ind": -0.005884815425853722,
    "DailyIC_ind": -0.005638349921540465,
    "ICIR_ind": -0.11956860094369373,
    "n": 49280
  },
  "naive_test": {
    "MSE": 0.0030592603143304586,
    "RMSE": 0.05531058049171477,
    "MAE": 0.033861059695482254,
    "n": 49280
  },
  "mse_improvement_vs_naive_pct": -317.5990985296691,
  "has_industry_labels": true
}