{
  "model_type": "factor_variant",
  "artifact_dir": "/Users/luoyi/Downloads/artifacts_gpu_static_to_20250601/static/short",
  "weights": "/Users/luoyi/Downloads/artifacts_gpu_static_to_20250601/static/short/dmfm_ind_neutral_best.pt",
  "model_config": {
    "in_dim": 56,
    "num_features": 56,
    "hidden_dim": 64,
    "heads": 2,
    "dropout": 0.1,
    "edge_dim": null,
    "variant": "dmfm_ind_neutral",
    "use_factor_attention": true
  },
  "dynamic_graphs": {
    "enabled": false
  },
  "checkpoint_format_version": 1,
  "checkpoint_is_legacy": false,
  "split": {
    "train_ratio": 0.8,
    "val_ratio": 0.1,
    "train_days": 414,
    "val_days": 46,
    "test_days": 116
  },
  "train": {
    "MSE": 0.012143818661570549,
    "RMSE": 0.11019899573757716,
    "MAE": 0.10029607266187668,
    "IC": 0.17701979471087945,
    "DailyIC": 0.17717878933287223,
    "ICIR": 2.150076790504276,
    "DirAcc": 0.4159552259400747,
    "IC_ind": 0.1779351301838209,
    "DailyIC_ind": 0.17717878939647924,
    "ICIR_ind": 2.1500767937075618,
    "n": 425169
  },
  "val": {
    "MSE": 0.012255407869815826,
    "RMSE": 0.11070414567583198,
    "MAE": 0.0998847484588623,
    "IC": 0.04842651394404718,
    "DailyIC": 0.04958906261984958,
    "ICIR": 0.7382057579356759,
    "DirAcc": 0.4463386084123502,
    "IC_ind": 0.048524488807923934,
    "DailyIC_ind": 0.049589062440080565,
    "ICIR_ind": 0.7382057614056908,
    "n": 48088
  },
  "test": {
    "MSE": 0.012126229703426361,
    "RMSE": 0.11011916138177934,
    "MAE": 0.09899994730949402,
    "IC": 0.03242660644068253,
    "DailyIC": 0.03382878872966403,
    "ICIR": 0.3200354297031567,
    "DirAcc": 0.4520354919025438,
    "IC_ind": 0.032541080525998176,
    "DailyIC_ind": 0.03382878866606626,
    "ICIR_ind": 0.3200354292643101,
    "n": 122576
  },
  "has_industry_labels": true
}