{
  "model_type": "factor_variant",
  "artifact_dir": "artifacts_gpu_static_to_20250601/static/medium",
  "weights": "artifacts_gpu_static_to_20250601/static/medium/dmfm_full_best.pt",
  "model_config": {
    "in_dim": 56,
    "num_features": 56,
    "hidden_dim": 64,
    "heads": 2,
    "dropout": 0.1,
    "edge_dim": null,
    "variant": "dmfm_full",
    "use_factor_attention": true
  },
  "dynamic_graphs": {
    "enabled": false
  },
  "checkpoint_format_version": 1,
  "checkpoint_is_legacy": false,
  "split": {
    "train_ratio": 0.8,
    "val_ratio": 0.1,
    "train_days": 1118,
    "val_days": 124,
    "test_days": 311
  },
  "train": {
    "MSE": 0.022130433470010757,
    "RMSE": 0.14876301109486442,
    "MAE": 0.13996434211730957,
    "IC": 0.18876665915950291,
    "DailyIC": 0.18438325500951658,
    "ICIR": 1.7624848285319188,
    "DirAcc": 0.43026405745223517,
    "IC_ind": 0.16620272006466574,
    "DailyIC_ind": 0.1619602604496759,
    "ICIR_ind": 1.7467505207426843,
    "n": 1096740
  },
  "val": {
    "MSE": 0.021853098645806313,
    "RMSE": 0.14782793594515994,
    "MAE": 0.1394706815481186,
    "IC": 0.039446167362644294,
    "DailyIC": 0.037295306844296876,
    "ICIR": 0.633479185660177,
    "DirAcc": 0.4218021273443203,
    "IC_ind": 0.031279517975948565,
    "DailyIC_ind": 0.028819028285843266,
    "ICIR_ind": 0.4892246529677974,
    "n": 127279
  },
  "test": {
    "MSE": 0.022134872153401375,
    "RMSE": 0.1487779289861281,
    "MAE": 0.13907095789909363,
    "IC": 0.06310790933725494,
    "DailyIC": 0.059584736885851274,
    "ICIR": 0.6276288328995425,
    "DirAcc": 0.433133864117787,
    "IC_ind": 0.05388231852628767,
    "DailyIC_ind": 0.0518980378691916,
    "ICIR_ind": 0.6325421750377018,
    "n": 324933
  },
  "has_industry_labels": true
}