{
  "model_type": "factor_variant",
  "artifact_dir": "artifacts_unified/dynamic/medium",
  "weights": "artifacts_unified/dynamic/medium/dmfm_ind_neutral_best.pt",
  "model_config": {
    "in_dim": 56,
    "num_features": 56,
    "hidden_dim": 64,
    "heads": 2,
    "dropout": 0.1,
    "edge_dim": 2,
    "variant": "dmfm_ind_neutral",
    "use_factor_attention": true
  },
  "dynamic_graphs": {
    "enabled": true,
    "edge_dim": 2,
    "edge_attr": [
      "abs_corr",
      "signed_corr"
    ],
    "lookback": 60,
    "min_obs": 20,
    "industry_top_k": 20,
    "universe_top_k": 40,
    "avg_industry_edges": 12463.341161928307,
    "avg_universe_edges": 30627.761433868975,
    "max_industry_edges": 12849,
    "max_universe_edges": 31611
  },
  "checkpoint_format_version": 1,
  "checkpoint_is_legacy": false,
  "split": {
    "train_ratio": 0.8,
    "val_ratio": 0.1,
    "train_days": 583,
    "val_days": 64,
    "test_days": 162
  },
  "train": {
    "MSE": 0.009054901078343391,
    "RMSE": 0.09515724396147353,
    "MAE": 0.07916397601366043,
    "IC": 0.16086880819177027,
    "DailyIC": 0.16465428382906175,
    "ICIR": 1.7239885322708632,
    "DirAcc": 0.4340809568236617,
    "IC_ind": 0.15568043420741148,
    "DailyIC_ind": 0.1577693807197674,
    "ICIR_ind": 1.7890804961431601,
    "n": 448856
  },
  "val": {
    "MSE": 0.007788000162690878,
    "RMSE": 0.08824964681340587,
    "MAE": 0.07145047932863235,
    "IC": 0.09032432639694386,
    "DailyIC": 0.10283787746384096,
    "ICIR": 1.2292741020009064,
    "DirAcc": 0.4825810539320394,
    "IC_ind": 0.08593398404046387,
    "DailyIC_ind": 0.09407906604616395,
    "ICIR_ind": 1.2973619432511332,
    "n": 46645
  },
  "test": {
    "MSE": 0.008136983029544353,
    "RMSE": 0.0902052272850324,
    "MAE": 0.07475627213716507,
    "IC": 0.08863635697815596,
    "DailyIC": 0.08789883169913175,
    "ICIR": 0.9035599096742009,
    "DirAcc": 0.4601465682428356,
    "IC_ind": 0.09126209581266441,
    "DailyIC_ind": 0.09057709398180949,
    "ICIR_ind": 1.0587953920226711,
    "n": 121734
  },
  "has_industry_labels": true
}