{
  "model_type": "factor_variant",
  "artifact_dir": "/Users/luoyi/Downloads/artifacts_gpu_static_to_20250601/static/short",
  "weights": "/Users/luoyi/Downloads/artifacts_gpu_static_to_20250601/static/short/dmfm_full_best.pt",
  "model_config": {
    "in_dim": 56,
    "num_features": 56,
    "hidden_dim": 64,
    "heads": 2,
    "dropout": 0.1,
    "edge_dim": null,
    "variant": "dmfm_full",
    "use_factor_attention": true
  },
  "dynamic_graphs": {
    "enabled": false
  },
  "checkpoint_format_version": 1,
  "checkpoint_is_legacy": false,
  "split": {
    "train_ratio": 0.8,
    "val_ratio": 0.1,
    "train_days": 414,
    "val_days": 46,
    "test_days": 116
  },
  "train": {
    "MSE": 0.006999575532972813,
    "RMSE": 0.0836634659392785,
    "MAE": 0.06802402436733246,
    "IC": 0.1711091801746794,
    "DailyIC": 0.17259687651007366,
    "ICIR": 2.0700438448224094,
    "DirAcc": 0.4289211968429852,
    "IC_ind": 0.1746779318597511,
    "DailyIC_ind": 0.1725968764992132,
    "ICIR_ind": 2.0700438462884585,
    "n": 425169
  },
  "val": {
    "MSE": 0.006899629719555378,
    "RMSE": 0.08306400977291777,
    "MAE": 0.06584344059228897,
    "IC": 0.06148197268833753,
    "DailyIC": 0.06551771007892493,
    "ICIR": 0.8783600158709794,
    "DirAcc": 0.4572677621405047,
    "IC_ind": 0.06248443080785845,
    "DailyIC_ind": 0.06551771024906125,
    "ICIR_ind": 0.8783600199434615,
    "n": 48088
  },
  "test": {
    "MSE": 0.006844547111541033,
    "RMSE": 0.08273177812389283,
    "MAE": 0.06639047712087631,
    "IC": 0.02109731603703308,
    "DailyIC": 0.021688914604088914,
    "ICIR": 0.1861812850188976,
    "DirAcc": 0.4585153614725654,
    "IC_ind": 0.02127556392286659,
    "DailyIC_ind": 0.02168891467355082,
    "ICIR_ind": 0.18618128547248053,
    "n": 122576
  },
  "has_industry_labels": true
}