{
  "model_type": "factor_variant",
  "artifact_dir": "artifacts_gpu_static_to_20250601/static/short",
  "weights": "artifacts_gpu_static_to_20250601/static/short/dmfm_full_best.pt",
  "model_config": {
    "in_dim": 56,
    "num_features": 56,
    "hidden_dim": 64,
    "heads": 2,
    "dropout": 0.1,
    "edge_dim": null,
    "variant": "dmfm_full",
    "use_factor_attention": true
  },
  "dynamic_graphs": {
    "enabled": false
  },
  "checkpoint_format_version": 1,
  "checkpoint_is_legacy": false,
  "split": {
    "train_ratio": 0.8,
    "val_ratio": 0.1,
    "train_days": 414,
    "val_days": 46,
    "test_days": 116
  },
  "train": {
    "MSE": 0.0069995759986341,
    "RMSE": 0.08366346872222129,
    "MAE": 0.06802402436733246,
    "IC": 0.17110918040588083,
    "DailyIC": 0.17259687671561197,
    "ICIR": 2.0700439219305933,
    "DirAcc": 0.4289211968429852,
    "IC_ind": 0.1492775951122928,
    "DailyIC_ind": 0.14738259460155254,
    "ICIR_ind": 1.909574444634532,
    "n": 425169
  },
  "val": {
    "MSE": 0.006899629253894091,
    "RMSE": 0.08306400696989094,
    "MAE": 0.06584344059228897,
    "IC": 0.061481975764858254,
    "DailyIC": 0.06551771495066937,
    "ICIR": 0.8783600431078374,
    "DirAcc": 0.4572677621405047,
    "IC_ind": 0.05202898030988988,
    "DailyIC_ind": 0.051384859161549334,
    "ICIR_ind": 0.6762360112220273,
    "n": 48088
  },
  "test": {
    "MSE": 0.006844547111541033,
    "RMSE": 0.08273177812389283,
    "MAE": 0.06639046967029572,
    "IC": 0.021097319290116875,
    "DailyIC": 0.02168891731440943,
    "ICIR": 0.18618130247342188,
    "DirAcc": 0.4585153614725654,
    "IC_ind": 0.02476482123191414,
    "DailyIC_ind": 0.025684793854323037,
    "ICIR_ind": 0.29097887302369146,
    "n": 122576
  },
  "has_industry_labels": true
}