{
  "model_type": "factor_variant",
  "artifact_dir": "artifacts_gpu_static_to_20250601/static/short",
  "weights": "artifacts_gpu_static_to_20250601/static/short/dmfm_full_best.pt",
  "model_config": {
    "in_dim": 56,
    "num_features": 56,
    "hidden_dim": 64,
    "heads": 2,
    "dropout": 0.1,
    "edge_dim": null,
    "variant": "dmfm_full",
    "use_factor_attention": true
  },
  "dynamic_graphs": {
    "enabled": false
  },
  "checkpoint_format_version": 1,
  "checkpoint_is_legacy": false,
  "plots_dir": "runs_gpu_static_to_20250601/static/short/dmfm_full/plots",
  "plots": {
    "daily_ic": "runs_gpu_static_to_20250601/static/short/dmfm_full/plots/daily_ic.png",
    "pred_dispersion": "runs_gpu_static_to_20250601/static/short/dmfm_full/plots/pred_dispersion.png",
    "hitrate_by_month": "runs_gpu_static_to_20250601/static/short/dmfm_full/plots/hitrate_by_month.png",
    "ic_distribution": "runs_gpu_static_to_20250601/static/short/dmfm_full/plots/ic_distribution.png",
    "cum_returns": "runs_gpu_static_to_20250601/static/short/dmfm_full/plots/cum_returns.png",
    "attention_weights": "runs_gpu_static_to_20250601/static/short/dmfm_full/plots/attention_weights.png"
  },
  "benchmark_path": "GAT0050.csv",
  "top_pct": 0.1,
  "rebalance_days": 5,
  "horizon": 5,
  "split": {
    "train_ratio": 0.8,
    "val_ratio": 0.1,
    "val_days": 46,
    "test_days": 116
  },
  "strategy": {
    "n": 24,
    "mean_return": -0.0014845965755133268,
    "std_return": 0.06158248689785084,
    "annual_return": -0.07482366740587167,
    "annual_volatility": 0.43719228687524686,
    "sharpe": -0.17114589998981997,
    "hit_rate": 0.5,
    "total_return": -0.07855860032386652,
    "cagr": -0.15786403744101773,
    "max_drawdown": -0.2905522953873272
  },
  "strategy_aligned": {
    "n": 24,
    "mean_return": -0.0014845965755133268,
    "std_return": 0.06158248689785084,
    "annual_return": -0.07482366740587167,
    "annual_volatility": 0.43719228687524686,
    "sharpe": -0.17114589998981997,
    "hit_rate": 0.5,
    "total_return": -0.07855860032386652,
    "cagr": -0.15786403744101773,
    "max_drawdown": -0.2905522953873272
  },
  "benchmark": {
    "n": 24,
    "mean_return": -0.0010151043123699753,
    "std_return": 0.0481763468052917,
    "annual_return": -0.05116125734344676,
    "annual_volatility": 0.34201813363005845,
    "sharpe": -0.14958638830181145,
    "hit_rate": 0.5416666666666666,
    "total_return": -0.0506812795789473,
    "cagr": -0.10346903343335268,
    "max_drawdown": -0.2737194557753494
  },
  "alignment": {
    "start": "2024-12-03",
    "end": "2025-05-29",
    "n_periods": 24
  },
  "top_attention_features": [
    {
      "rank": 1,
      "feature": "down_vol_20",
      "attention_weight": 0.02524539642035961
    },
    {
      "rank": 2,
      "feature": "idio_vol_60",
      "attention_weight": 0.02484883740544319
    },
    {
      "rank": 3,
      "feature": "roll_min_60",
      "attention_weight": 0.02432868629693985
    },
    {
      "rank": 4,
      "feature": "pct_pos_20",
      "attention_weight": 0.02309446781873703
    },
    {
      "rank": 5,
      "feature": "roll_max_5",
      "attention_weight": 0.022213352844119072
    }
  ],
  "excess": {
    "annual_return": -0.023662410062424907,
    "total_return": -0.02787732074491922,
    "sharpe": -0.021559511688008515
  }
}