{
  "model_type": "lstm",
  "artifact_dir": "artifacts/short",
  "weights": "artifacts/short/baseline_lstm.pt",
  "scaler": null,
  "split": {
    "train_ratio": 0.8,
    "val_ratio": 0.1,
    "train_days": 230,
    "val_days": 25,
    "test_days": 64
  },
  "train": {
    "MSE": 0.0037630328685290503,
    "RMSE": 0.061343564198121474,
    "MAE": 0.038832606912229284,
    "IC": 0.21365228558590418,
    "ICIR": 1.6825091044287908,
    "DirAcc": 0.5137451078480416,
    "DailyIC": 0.1893731535214807
  },
  "val": {
    "MSE": 0.0044131391125616145,
    "RMSE": 0.06643146176746087,
    "MAE": 0.03880999203099621,
    "IC": 0.058901958648323635,
    "ICIR": 0.7708376935788399,
    "DirAcc": 0.5179220779220779,
    "DailyIC": 0.055285493318015605
  },
  "test": {
    "MSE": 0.0031455452788061167,
    "RMSE": 0.056085160950166815,
    "MAE": 0.03518892321322242,
    "IC": 0.04870291527058604,
    "ICIR": 0.5900944770071139,
    "DirAcc": 0.5024756493506494,
    "DailyIC": 0.04536808391104179
  },
  "naive_test": {
    "MSE": 0.0030592601156970967,
    "RMSE": 0.05531057869609662,
    "MAE": 0.03386105888237969,
    "n": 49280
  },
  "mse_improvement_vs_naive_pct": -2.8204585372224367,
  "has_industry_labels": false,
  "lookback": 10,
  "model": "lstm"
}