{
  "model_type": "linear",
  "artifact_dir": "artifacts/medium",
  "weights": "artifacts/medium/baseline_linear.pkl",
  "scaler": "artifacts/medium/baseline_linear_scaler.pkl",
  "split": {
    "train_ratio": 0.8,
    "val_ratio": 0.1,
    "train_days": 583,
    "val_days": 64,
    "test_days": 162
  },
  "train": {
    "MSE": 0.0037023809272795916,
    "RMSE": 0.06084719325720449,
    "MAE": 0.037596020847558975,
    "IC": 0.0723333715660826,
    "ICIR": 0.6041034382509882,
    "DirAcc": 0.5266120983121536,
    "DailyIC": 0.06313391156941807
  },
  "val": {
    "MSE": 0.002512575127184391,
    "RMSE": 0.05012559353448487,
    "MAE": 0.03004702925682068,
    "IC": 0.02695550676732973,
    "ICIR": 0.3059342198168604,
    "DirAcc": 0.5116732768785508,
    "DailyIC": 0.03578798065874522
  },
  "test": {
    "MSE": 0.002525861607864499,
    "RMSE": 0.05025795069304457,
    "MAE": 0.03345208615064621,
    "IC": 0.018052522868487603,
    "ICIR": 0.1154288117596693,
    "DirAcc": 0.5064320567795357,
    "DailyIC": 0.01404035893700984
  },
  "naive_test": {
    "MSE": 0.0025143942330032587,
    "RMSE": 0.050143735730430565,
    "MAE": 0.03333032876253128,
    "n": 121734
  },
  "mse_improvement_vs_naive_pct": -0.4560690885590857,
  "has_industry_labels": false,
  "lookback": null,
  "model": "linear"
}