{
  "n": 121734,
  "mse": 0.0025220257230103016,
  "rmse": 0.05021977422301201,
  "mae": 0.033423926681280136,
  "ic": 0.02492315369391937,
  "daily_ic": 0.022488713509865976,
  "icir": 0.21923312858312027,
  "dir_acc": 0.5091625968092317
}