{
  "n": 121734,
  "mse": 0.0025220252573490143,
  "rmse": 0.05021976958677742,
  "mae": 0.03342391923069954,
  "ic": 0.024922690504056662,
  "daily_ic": 0.022488603454351264,
  "icir": 0.2192392416858133,
  "dir_acc": 0.5091545905323106
}