{
  "model_type": "factor_variant",
  "artifact_dir": "artifacts_gpu_static_to_20250601/static/long",
  "weights": "artifacts_gpu_static_to_20250601/static/long/gat_industry_best.pt",
  "model_config": {
    "in_dim": 56,
    "num_features": 56,
    "hidden_dim": 64,
    "heads": 2,
    "dropout": 0.1,
    "edge_dim": null,
    "variant": "gat_industry",
    "use_factor_attention": true
  },
  "dynamic_graphs": {
    "enabled": false
  },
  "checkpoint_format_version": 1,
  "checkpoint_is_legacy": false,
  "plots_dir": "runs_gpu_static_to_20250601/static/long/gat_industry/plots",
  "plots": {
    "daily_ic": "runs_gpu_static_to_20250601/static/long/gat_industry/plots/daily_ic.png",
    "pred_dispersion": "runs_gpu_static_to_20250601/static/long/gat_industry/plots/pred_dispersion.png",
    "hitrate_by_month": "runs_gpu_static_to_20250601/static/long/gat_industry/plots/hitrate_by_month.png",
    "ic_distribution": "runs_gpu_static_to_20250601/static/long/gat_industry/plots/ic_distribution.png",
    "cum_returns": "runs_gpu_static_to_20250601/static/long/gat_industry/plots/cum_returns.png",
    "attention_weights": "runs_gpu_static_to_20250601/static/long/gat_industry/plots/attention_weights.png"
  },
  "benchmark_path": "GAT0050.csv",
  "top_pct": 0.1,
  "rebalance_days": 5,
  "horizon": 5,
  "split": {
    "train_ratio": 0.8,
    "val_ratio": 0.1,
    "val_days": 222,
    "test_days": 557
  },
  "strategy": {
    "n": 112,
    "mean_return": 0.0075661225096804886,
    "std_return": 0.03019069130304517,
    "annual_return": 0.3813325744878966,
    "annual_volatility": 0.21433264614689634,
    "sharpe": 1.7791623504080858,
    "hit_rate": 0.6607142857142857,
    "total_return": 1.2083472663539765,
    "cagr": 0.4283357804030232,
    "max_drawdown": -0.20438901313186364
  },
  "strategy_aligned": {
    "n": 112,
    "mean_return": 0.0075661225096804886,
    "std_return": 0.03019069130304517,
    "annual_return": 0.3813325744878966,
    "annual_volatility": 0.21433264614689634,
    "sharpe": 1.7791623504080858,
    "hit_rate": 0.6607142857142857,
    "total_return": 1.2083472663539765,
    "cagr": 0.4283357804030232,
    "max_drawdown": -0.20438901313186364
  },
  "benchmark": {
    "n": 112,
    "mean_return": 0.0047854978169382875,
    "std_return": 0.035657588792700506,
    "annual_return": 0.24118908997368968,
    "annual_volatility": 0.2531437682046899,
    "sharpe": 0.9527751430904918,
    "hit_rate": 0.5446428571428571,
    "total_return": 0.5898548304139335,
    "cagr": 0.23200043684943594,
    "max_drawdown": -0.23993209392391646
  },
  "alignment": {
    "start": "2023-02-09",
    "end": "2025-05-28",
    "n_periods": 112
  },
  "top_attention_features": [
    {
      "rank": 1,
      "feature": "std_ret_60",
      "attention_weight": 0.032742712646722794
    },
    {
      "rank": 2,
      "feature": "roll_max_10",
      "attention_weight": 0.029243456199765205
    },
    {
      "rank": 3,
      "feature": "roll_min_10",
      "attention_weight": 0.02909199520945549
    },
    {
      "rank": 4,
      "feature": "macd_signal",
      "attention_weight": 0.028222238644957542
    },
    {
      "rank": 5,
      "feature": "roll_min_5",
      "attention_weight": 0.027963025495409966
    }
  ],
  "excess": {
    "annual_return": 0.1401434845142069,
    "total_return": 0.618492435940043,
    "sharpe": 0.826387207317594
  }
}