{
  "model_type": "factor_variant",
  "artifact_dir": "/Users/luoyi/Downloads/artifacts_gpu_static_to_20250601/static/short",
  "weights": "/Users/luoyi/Downloads/artifacts_gpu_static_to_20250601/static/short/gat_universe_best.pt",
  "model_config": {
    "in_dim": 56,
    "num_features": 56,
    "hidden_dim": 64,
    "heads": 2,
    "dropout": 0.1,
    "edge_dim": null,
    "variant": "gat_universe",
    "use_factor_attention": true
  },
  "dynamic_graphs": {
    "enabled": false
  },
  "checkpoint_format_version": 1,
  "checkpoint_is_legacy": false,
  "split": {
    "train_ratio": 0.8,
    "val_ratio": 0.1,
    "train_days": 414,
    "val_days": 46,
    "test_days": 116
  },
  "train": {
    "MSE": 0.0029656700789928436,
    "RMSE": 0.05445796616651088,
    "MAE": 0.0361594632267952,
    "IC": 0.20523419307969182,
    "DailyIC": 0.20675842090895477,
    "ICIR": 2.685009449659885,
    "DirAcc": 0.5877368635404399,
    "IC_ind": 0.205942060666137,
    "DailyIC_ind": 0.2067584207756966,
    "ICIR_ind": 2.6850094448407447,
    "n": 425169
  },
  "val": {
    "MSE": 0.002965387422591448,
    "RMSE": 0.05445537092511121,
    "MAE": 0.03739737346768379,
    "IC": 0.04812232085203718,
    "DailyIC": 0.04756724832941635,
    "ICIR": 0.6129530759923806,
    "DirAcc": 0.5546812117619384,
    "IC_ind": 0.04816459288963747,
    "DailyIC_ind": 0.04756724839654646,
    "ICIR_ind": 0.6129530755816655,
    "n": 48088
  },
  "test": {
    "MSE": 0.002961187157779932,
    "RMSE": 0.05441679113821332,
    "MAE": 0.03827003017067909,
    "IC": 0.02870540317298189,
    "DailyIC": 0.027651982090829565,
    "ICIR": 0.25785228716926234,
    "DirAcc": 0.548544338825865,
    "IC_ind": 0.028742771611353874,
    "DailyIC_ind": 0.027651981801587778,
    "ICIR_ind": 0.25785228491572193,
    "n": 122576
  },
  "has_industry_labels": true
}