{
  "model_type": "lstm",
  "artifact_dir": "artifacts/short",
  "weights": "artifacts/short/baseline_lstm.pt",
  "scaler": null,
  "split": {
    "train_ratio": 0.8,
    "val_ratio": 0.1,
    "train_days": 230,
    "val_days": 25,
    "test_days": 64
  },
  "train": {
    "MSE": 0.0037630704895121416,
    "RMSE": 0.06134387083900185,
    "MAE": 0.03883299165031301,
    "IC": 0.21364470610221734,
    "ICIR": 1.6836396334921546,
    "DirAcc": 0.5136744843009741,
    "DailyIC": 0.1893638765913768
  },
  "val": {
    "MSE": 0.00441318408178382,
    "RMSE": 0.06643180022988855,
    "MAE": 0.03881055019791812,
    "IC": 0.058887074791561994,
    "ICIR": 0.771078616014152,
    "DirAcc": 0.5178181818181818,
    "DailyIC": 0.05526057267534117
  },
  "test": {
    "MSE": 0.0031455178145025258,
    "RMSE": 0.05608491610497894,
    "MAE": 0.03518962387893313,
    "IC": 0.048717863661833664,
    "ICIR": 0.5903660080491588,
    "DirAcc": 0.5023133116883117,
    "DailyIC": 0.0453909508065098
  },
  "naive_test": {
    "MSE": 0.0030592601156970967,
    "RMSE": 0.05531057869609662,
    "MAE": 0.03386105888237969,
    "n": 49280
  },
  "mse_improvement_vs_naive_pct": -2.819560793893916,
  "has_industry_labels": false,
  "lookback": 10,
  "model": "lstm"
}