{
  "model_type": "factor_variant",
  "artifact_dir": "artifacts_dynamic_only_6_8/dynamic/short",
  "weights": "artifacts_dynamic_only_6_8/dynamic/short/gat_two_graph_no_neutral_best.pt",
  "model_config": {
    "in_dim": 56,
    "num_features": 56,
    "hidden_dim": 64,
    "heads": 2,
    "dropout": 0.1,
    "edge_dim": 2,
    "variant": "gat_two_graph_no_neutral",
    "use_factor_attention": true
  },
  "dynamic_graphs": {
    "enabled": true,
    "edge_dim": 2,
    "edge_attr": [
      "abs_corr",
      "signed_corr"
    ],
    "lookback": 60,
    "min_obs": 20,
    "industry_selection": "top_pct",
    "industry_top_k": null,
    "industry_top_pct": 0.5,
    "universe_top_k": 100,
    "avg_industry_edges": 18937.23611111111,
    "avg_universe_edges": 100953.57638888889,
    "max_industry_edges": 19908,
    "max_universe_edges": 107060
  },
  "checkpoint_format_version": 1,
  "checkpoint_is_legacy": false,
  "split": {
    "train_ratio": 0.8,
    "val_ratio": 0.1,
    "train_days": 414,
    "val_days": 46,
    "test_days": 116
  },
  "train": {
    "MSE": 0.0062081655487418175,
    "RMSE": 0.07879191296536604,
    "MAE": 0.0704420730471611,
    "IC": 0.19707266482574173,
    "DailyIC": 0.2125305471739557,
    "ICIR": 2.727303521334958,
    "DirAcc": 0.41467792031032163,
    "IC_ind": 0.17552167705944466,
    "DailyIC_ind": 0.18571179823932818,
    "ICIR_ind": 2.4406602865747145,
    "n": 425169
  },
  "val": {
    "MSE": 0.006286847870796919,
    "RMSE": 0.07928964541979563,
    "MAE": 0.07023239135742188,
    "IC": 0.05166941210142603,
    "DailyIC": 0.05199094034523943,
    "ICIR": 0.7971540963738787,
    "DirAcc": 0.44579672902937933,
    "IC_ind": 0.046281774082041156,
    "DailyIC_ind": 0.046458163104513193,
    "ICIR_ind": 0.6777969811731015,
    "n": 48088
  },
  "test": {
    "MSE": 0.006159069482237101,
    "RMSE": 0.07847973931045579,
    "MAE": 0.06929560005664825,
    "IC": 0.034702191985696594,
    "DailyIC": 0.03635626588654583,
    "ICIR": 0.28169375682049524,
    "DirAcc": 0.4514075130384633,
    "IC_ind": 0.040336385715848064,
    "DailyIC_ind": 0.03976399944438376,
    "ICIR_ind": 0.37145948097910153,
    "n": 122576
  },
  "has_industry_labels": true
}