{
  "model_type": "factor_variant",
  "artifact_dir": "artifacts_gpu_static_to_20250601/static/long",
  "weights": "artifacts_gpu_static_to_20250601/static/long/gat_universe_best.pt",
  "model_config": {
    "in_dim": 56,
    "num_features": 56,
    "hidden_dim": 64,
    "heads": 2,
    "dropout": 0.1,
    "edge_dim": null,
    "variant": "gat_universe",
    "use_factor_attention": true
  },
  "dynamic_graphs": {
    "enabled": false
  },
  "checkpoint_format_version": 1,
  "checkpoint_is_legacy": false,
  "split": {
    "train_ratio": 0.8,
    "val_ratio": 0.1,
    "train_days": 2003,
    "val_days": 222,
    "test_days": 557
  },
  "train": {
    "MSE": 0.00534243555739522,
    "RMSE": 0.0730919664354108,
    "MAE": 0.02940026856958866,
    "IC": 0.1817149307731621,
    "DailyIC": 0.2111848464962476,
    "ICIR": 1.813106540040627,
    "DirAcc": 0.4365747037085736,
    "IC_ind": 0.2058659844463794,
    "DailyIC_ind": 0.21007280805788922,
    "ICIR_ind": 1.856076285852067,
    "n": 1852992
  },
  "val": {
    "MSE": 0.0020179878920316696,
    "RMSE": 0.04492202012411808,
    "MAE": 0.029304498806595802,
    "IC": 0.06024352007716322,
    "DailyIC": 0.06138744315040701,
    "ICIR": 0.6524794936950485,
    "DirAcc": 0.4548739803223222,
    "IC_ind": 0.057399923673200355,
    "DailyIC_ind": 0.05595286661115457,
    "ICIR_ind": 0.6396597716486412,
    "n": 222867
  },
  "test": {
    "MSE": 0.002343756379559636,
    "RMSE": 0.04841235771535648,
    "MAE": 0.031087039038538933,
    "IC": 0.04662168864149123,
    "DailyIC": 0.0451787285670382,
    "ICIR": 0.525957564977257,
    "DirAcc": 0.42930813978571103,
    "IC_ind": 0.046212300347505945,
    "DailyIC_ind": 0.04336634010114695,
    "ICIR_ind": 0.5558128034155209,
    "n": 576585
  },
  "has_industry_labels": true
}