{
  "model_type": "factor_variant",
  "artifact_dir": "artifacts_gpu_static_to_20250601/static/long",
  "weights": "artifacts_gpu_static_to_20250601/static/long/gat_universe_best.pt",
  "model_config": {
    "in_dim": 56,
    "num_features": 56,
    "hidden_dim": 64,
    "heads": 2,
    "dropout": 0.1,
    "edge_dim": null,
    "variant": "gat_universe",
    "use_factor_attention": true
  },
  "dynamic_graphs": {
    "enabled": false
  },
  "checkpoint_format_version": 1,
  "checkpoint_is_legacy": false,
  "plots_dir": "runs_gpu_static_to_20250601/static/long/gat_universe/plots",
  "plots": {
    "daily_ic": "runs_gpu_static_to_20250601/static/long/gat_universe/plots/daily_ic.png",
    "pred_dispersion": "runs_gpu_static_to_20250601/static/long/gat_universe/plots/pred_dispersion.png",
    "hitrate_by_month": "runs_gpu_static_to_20250601/static/long/gat_universe/plots/hitrate_by_month.png",
    "ic_distribution": "runs_gpu_static_to_20250601/static/long/gat_universe/plots/ic_distribution.png",
    "cum_returns": "runs_gpu_static_to_20250601/static/long/gat_universe/plots/cum_returns.png",
    "attention_weights": "runs_gpu_static_to_20250601/static/long/gat_universe/plots/attention_weights.png"
  },
  "benchmark_path": "GAT0050.csv",
  "top_pct": 0.1,
  "rebalance_days": 5,
  "horizon": 5,
  "split": {
    "train_ratio": 0.8,
    "val_ratio": 0.1,
    "val_days": 222,
    "test_days": 557
  },
  "strategy": {
    "n": 112,
    "mean_return": 0.007145565224033946,
    "std_return": 0.033673431484204784,
    "annual_return": 0.36013648729131087,
    "annual_volatility": 0.23905764867755283,
    "sharpe": 1.5064838514205934,
    "hit_rate": 0.6607142857142857,
    "total_return": 1.0810209932018622,
    "cagr": 0.3906710298315361,
    "max_drawdown": -0.23115317451840356
  },
  "strategy_aligned": {
    "n": 112,
    "mean_return": 0.007145565224033946,
    "std_return": 0.033673431484204784,
    "annual_return": 0.36013648729131087,
    "annual_volatility": 0.23905764867755283,
    "sharpe": 1.5064838514205934,
    "hit_rate": 0.6607142857142857,
    "total_return": 1.0810209932018622,
    "cagr": 0.3906710298315361,
    "max_drawdown": -0.23115317451840356
  },
  "benchmark": {
    "n": 112,
    "mean_return": 0.0047854978169382875,
    "std_return": 0.035657588792700506,
    "annual_return": 0.24118908997368968,
    "annual_volatility": 0.2531437682046899,
    "sharpe": 0.9527751430904918,
    "hit_rate": 0.5446428571428571,
    "total_return": 0.5898548304139335,
    "cagr": 0.23200043684943594,
    "max_drawdown": -0.23993209392391646
  },
  "alignment": {
    "start": "2023-02-09",
    "end": "2025-05-28",
    "n_periods": 112
  },
  "top_attention_features": [
    {
      "rank": 1,
      "feature": "ps",
      "attention_weight": 0.04194960743188858
    },
    {
      "rank": 2,
      "feature": "atr_14",
      "attention_weight": 0.03038603626191616
    },
    {
      "rank": 3,
      "feature": "roll_max_5",
      "attention_weight": 0.028483830392360687
    },
    {
      "rank": 4,
      "feature": "std_ret_10",
      "attention_weight": 0.026949716731905937
    },
    {
      "rank": 5,
      "feature": "macd_hist",
      "attention_weight": 0.026605656370520592
    }
  ],
  "excess": {
    "annual_return": 0.11894739731762119,
    "total_return": 0.4911661627879287,
    "sharpe": 0.5537087083301016
  }
}