{
  "model_type": "dmfm",
  "artifact_dir": "artifacts/medium",
  "weights": "artifacts/medium/dmfm_wei2022_best.pt",
  "split": {
    "train_ratio": 0.8,
    "val_ratio": 0.1,
    "train_days": 583,
    "val_days": 64,
    "test_days": 162
  },
  "train": {
    "MSE": 0.00422883965075016,
    "RMSE": 0.06502952906757176,
    "MAE": 0.043293796479701996,
    "IC": 0.19995219709775433,
    "DailyIC": 0.20522809623151048,
    "ICIR": 1.9824786512283779,
    "DirAcc": 0.5092633279989184,
    "IC_ind": 0.18832298615784754,
    "DailyIC_ind": 0.19315152289846604,
    "ICIR_ind": 2.041416442624924,
    "n": 448856
  },
  "val": {
    "MSE": 0.0034143475349992514,
    "RMSE": 0.05843241852772527,
    "MAE": 0.037195295095443726,
    "IC": 0.102023122413294,
    "DailyIC": 0.11296686259093165,
    "ICIR": 1.1653963437508092,
    "DirAcc": 0.5249803462977288,
    "IC_ind": 0.10077356954126414,
    "DailyIC_ind": 0.1095771859261763,
    "ICIR_ind": 1.4100123223341656,
    "n": 46645
  },
  "test": {
    "MSE": 0.0036743744276463985,
    "RMSE": 0.06061661841150823,
    "MAE": 0.04212719947099686,
    "IC": 0.07799104836100965,
    "DailyIC": 0.07765101406074262,
    "ICIR": 0.609504772577602,
    "DirAcc": 0.5029022220087215,
    "IC_ind": 0.09367861261674729,
    "DailyIC_ind": 0.0926558811485212,
    "ICIR_ind": 0.9216804579396003,
    "n": 121734
  },
  "naive_test": {
    "MSE": 0.0025143942330032587,
    "RMSE": 0.050143735730430565,
    "MAE": 0.03333032876253128,
    "n": 121734
  },
  "mse_improvement_vs_naive_pct": -46.133584758410336,
  "has_industry_labels": true
}