{
  "model_type": "factor_variant",
  "artifact_dir": "artifacts_dynamic_only_6_8/dynamic/medium",
  "weights": "artifacts_dynamic_only_6_8/dynamic/medium/dmfm_ind_neutral_best.pt",
  "model_config": {
    "in_dim": 56,
    "num_features": 56,
    "hidden_dim": 64,
    "heads": 2,
    "dropout": 0.1,
    "edge_dim": 2,
    "variant": "dmfm_ind_neutral",
    "use_factor_attention": true
  },
  "dynamic_graphs": {
    "enabled": true,
    "edge_dim": 2,
    "edge_attr": [
      "abs_corr",
      "signed_corr"
    ],
    "lookback": 60,
    "min_obs": 20,
    "industry_selection": "top_pct",
    "industry_top_k": null,
    "industry_top_pct": 0.5,
    "universe_top_k": 100,
    "avg_industry_edges": 18739.916934964585,
    "avg_universe_edges": 99474.42369607212,
    "max_industry_edges": 19908,
    "max_universe_edges": 107060
  },
  "checkpoint_format_version": 1,
  "checkpoint_is_legacy": false,
  "split": {
    "train_ratio": 0.8,
    "val_ratio": 0.1,
    "train_days": 1118,
    "val_days": 124,
    "test_days": 311
  },
  "train": {
    "MSE": 0.003282692516222596,
    "RMSE": 0.05729478611726024,
    "MAE": 0.04471151530742645,
    "IC": 0.19351711242773667,
    "DailyIC": 0.19006909597691482,
    "ICIR": 1.9196930641249497,
    "DirAcc": 0.4274540726970511,
    "IC_ind": 0.17162539309549235,
    "DailyIC_ind": 0.1718780958935106,
    "ICIR_ind": 1.9854611516495735,
    "n": 1096740
  },
  "val": {
    "MSE": 0.0028041917830705643,
    "RMSE": 0.052954620035182615,
    "MAE": 0.042550623416900635,
    "IC": 0.04405106456829856,
    "DailyIC": 0.04259454882592842,
    "ICIR": 0.7110611154897579,
    "DirAcc": 0.42060847447375654,
    "IC_ind": 0.04045803076710472,
    "DailyIC_ind": 0.03825773267704616,
    "ICIR_ind": 0.6092077707305205,
    "n": 127279
  },
  "test": {
    "MSE": 0.0035003265365958214,
    "RMSE": 0.05916355750456375,
    "MAE": 0.046386826783418655,
    "IC": 0.05419455779805425,
    "DailyIC": 0.052494409632090906,
    "ICIR": 0.5895347837291002,
    "DirAcc": 0.4314365364841068,
    "IC_ind": 0.046974788068373,
    "DailyIC_ind": 0.047229910713406605,
    "ICIR_ind": 0.604993458611703,
    "n": 324933
  },
  "has_industry_labels": true
}