{
  "model_type": "dmfm",
  "artifact_dir": "artifacts/long",
  "weights": "artifacts/long/dmfm_wei2022_best.pt",
  "split": {
    "train_ratio": 0.8,
    "val_ratio": 0.1,
    "train_days": 1052,
    "val_days": 116,
    "test_days": 292
  },
  "train": {
    "MSE": 0.018808327615261078,
    "RMSE": 0.13714345633409228,
    "MAE": 0.08418886363506317,
    "IC": 0.1201184861073413,
    "DailyIC": 0.12397352228134953,
    "ICIR": 1.261281452507681,
    "DirAcc": 0.5194152798417703,
    "IC_ind": 0.11567999325602417,
    "DailyIC_ind": 0.11764692874916881,
    "ICIR_ind": 1.255277494030213,
    "n": 804588
  },
  "val": {
    "MSE": 0.016986332833766937,
    "RMSE": 0.1303316263758223,
    "MAE": 0.08008605986833572,
    "IC": 0.1049274654074814,
    "DailyIC": 0.10467137873099532,
    "ICIR": 1.3489340174875184,
    "DirAcc": 0.5074019410528199,
    "IC_ind": 0.09660595748225807,
    "DailyIC_ind": 0.0963822470399589,
    "ICIR_ind": 1.269678460842072,
    "n": 89436
  },
  "test": {
    "MSE": 0.017692651599645615,
    "RMSE": 0.13301372710981982,
    "MAE": 0.08381450176239014,
    "IC": 0.08602437111699218,
    "DailyIC": 0.08495158446090464,
    "ICIR": 0.890530766447962,
    "DirAcc": 0.5106857016318912,
    "IC_ind": 0.08482843158619577,
    "DailyIC_ind": 0.0837756029776314,
    "ICIR_ind": 0.9402618724305852,
    "n": 221277
  },
  "naive_test": {
    "MSE": 0.003104720963165164,
    "RMSE": 0.05572002300040053,
    "MAE": 0.0358288399875164,
    "n": 221277
  },
  "mse_improvement_vs_naive_pct": -469.862857549959,
  "has_industry_labels": true
}