{
  "model_type": "factor_variant",
  "artifact_dir": "/Users/luoyi/Downloads/artifacts_gpu_static_to_20250601/static/medium",
  "weights": "/Users/luoyi/Downloads/artifacts_gpu_static_to_20250601/static/medium/mlp_best.pt",
  "model_config": {
    "in_dim": 56,
    "num_features": 56,
    "hidden_dim": 64,
    "heads": 2,
    "dropout": 0.1,
    "edge_dim": null,
    "variant": "mlp",
    "use_factor_attention": true
  },
  "dynamic_graphs": {
    "enabled": false
  },
  "checkpoint_format_version": 1,
  "checkpoint_is_legacy": false,
  "split": {
    "train_ratio": 0.8,
    "val_ratio": 0.1,
    "train_days": 1118,
    "val_days": 124,
    "test_days": 311
  },
  "train": {
    "MSE": 0.002413444919511676,
    "RMSE": 0.04912682484663217,
    "MAE": 0.03054720349609852,
    "IC": 0.18038392839902403,
    "DailyIC": 0.18002942172045755,
    "ICIR": 2.0142205577309413,
    "DirAcc": 0.4380987585914328,
    "IC_ind": 0.18071985872456864,
    "DailyIC_ind": 0.18002942166068117,
    "ICIR_ind": 2.0142205568817824,
    "n": 1096740
  },
  "val": {
    "MSE": 0.0018627336248755455,
    "RMSE": 0.043159397874339554,
    "MAE": 0.02684379182755947,
    "IC": 0.033826437706911204,
    "DailyIC": 0.0317890404924524,
    "ICIR": 0.5822666203934722,
    "DirAcc": 0.4269731957065238,
    "IC_ind": 0.033876758197804065,
    "DailyIC_ind": 0.031789040491694016,
    "ICIR_ind": 0.582266621936806,
    "n": 127279
  },
  "test": {
    "MSE": 0.0025766959879547358,
    "RMSE": 0.05076116614061123,
    "MAE": 0.03308892622590065,
    "IC": 0.047196773767103496,
    "DailyIC": 0.045251164010334716,
    "ICIR": 0.5810696176925848,
    "DirAcc": 0.43950856744057243,
    "IC_ind": 0.04726464580910896,
    "DailyIC_ind": 0.045251163945681606,
    "ICIR_ind": 0.5810696159006526,
    "n": 324933
  },
  "has_industry_labels": true
}