{
  "model_type": "gat",
  "artifact_dir": "artifacts/long",
  "weights": "artifacts/long/gat_regressor.pt",
  "split": {
    "train_ratio": 0.8,
    "val_ratio": 0.1,
    "train_days": 1052,
    "val_days": 116,
    "test_days": 292
  },
  "train": {
    "MSE": 0.014888642355799675,
    "RMSE": 0.12201902456502295,
    "MAE": 0.0993959829211235,
    "IC": 0.00021939280052029638,
    "DailyIC": 0.005658771905562032,
    "ICIR": 0.053230423735402856,
    "DirAcc": 0.4549605278646417,
    "IC_ind": 0.031202509001703287,
    "DailyIC_ind": 0.035930300134638514,
    "ICIR_ind": 0.4746632660323686,
    "n": 804588
  },
  "val": {
    "MSE": 0.014972096309065819,
    "RMSE": 0.12236051777050397,
    "MAE": 0.09888345003128052,
    "IC": -0.01323792472624964,
    "DailyIC": -0.012751500961366003,
    "ICIR": -0.15359060200456764,
    "DirAcc": 0.4291225010063062,
    "IC_ind": -0.008844830597174775,
    "DailyIC_ind": -0.008880199093001273,
    "ICIR_ind": -0.13201394439930716,
    "n": 89436
  },
  "test": {
    "MSE": 0.014115100726485252,
    "RMSE": 0.11880698938398049,
    "MAE": 0.09561233967542648,
    "IC": 0.00286834929661804,
    "DailyIC": 0.003477046856440369,
    "ICIR": 0.03519678288239054,
    "DirAcc": 0.4686252977037831,
    "IC_ind": 0.02140428619948297,
    "DailyIC_ind": 0.025449624989696846,
    "ICIR_ind": 0.38929958869982473,
    "n": 221277
  },
  "naive_test": {
    "MSE": 0.003104720963165164,
    "RMSE": 0.05572002300040053,
    "MAE": 0.0358288399875164,
    "n": 221277
  },
  "mse_improvement_vs_naive_pct": -354.633472506829,
  "has_industry_labels": true
}