{
  "model_type": "gat",
  "artifact_dir": "artifacts/medium",
  "weights": "artifacts/medium/gat_regressor.pt",
  "split": {
    "train_ratio": 0.8,
    "val_ratio": 0.1,
    "train_days": 583,
    "val_days": 64,
    "test_days": 162
  },
  "train": {
    "MSE": 0.008850728161633015,
    "RMSE": 0.09407830866694519,
    "MAE": 0.0719374269247055,
    "IC": 0.020632329479893203,
    "DailyIC": 0.01777108928681381,
    "ICIR": 0.1814786375170661,
    "DirAcc": 0.5406459146424887,
    "IC_ind": -0.003100472137737722,
    "DailyIC_ind": -0.0008730010635439942,
    "ICIR_ind": -0.012508492637391667,
    "n": 448856
  },
  "val": {
    "MSE": 0.007596589159220457,
    "RMSE": 0.08715841416191816,
    "MAE": 0.06868923455476761,
    "IC": 0.00594560240517683,
    "DailyIC": 0.0087332423330815,
    "ICIR": 0.12631767710733657,
    "DirAcc": 0.5167487971697406,
    "IC_ind": 0.0033932989989198686,
    "DailyIC_ind": 0.0033547649591614296,
    "ICIR_ind": 0.062225060338235695,
    "n": 46645
  },
  "test": {
    "MSE": 0.007779871113598347,
    "RMSE": 0.08820357766892649,
    "MAE": 0.06950221955776215,
    "IC": -0.011013433834470305,
    "DailyIC": -0.010969390547130985,
    "ICIR": -0.11673440075354255,
    "DirAcc": 0.5214494207903441,
    "IC_ind": 0.03447951372110688,
    "DailyIC_ind": 0.035129605884181,
    "ICIR_ind": 0.6449357731328259,
    "n": 121734
  },
  "naive_test": {
    "MSE": 0.0025143942330032587,
    "RMSE": 0.050143735730430565,
    "MAE": 0.03333032876253128,
    "n": 121734
  },
  "mse_improvement_vs_naive_pct": -209.4133374743651,
  "has_industry_labels": true
}