{
  "model_type": "factor_variant",
  "artifact_dir": "artifacts_dynamic_only_6_8/dynamic/long",
  "weights": "artifacts_dynamic_only_6_8/dynamic/long/gat_two_graph_no_neutral_best.pt",
  "model_config": {
    "in_dim": 56,
    "num_features": 56,
    "hidden_dim": 64,
    "heads": 2,
    "dropout": 0.1,
    "edge_dim": 2,
    "variant": "gat_two_graph_no_neutral",
    "use_factor_attention": true
  },
  "dynamic_graphs": {
    "enabled": true,
    "edge_dim": 2,
    "edge_attr": [
      "abs_corr",
      "signed_corr"
    ],
    "lookback": 60,
    "min_obs": 20,
    "industry_selection": "top_pct",
    "industry_top_k": null,
    "industry_top_pct": 0.5,
    "universe_top_k": 100,
    "avg_industry_edges": 18162.94176851186,
    "avg_universe_edges": 95627.10999281093,
    "max_industry_edges": 19908,
    "max_universe_edges": 107060
  },
  "checkpoint_format_version": 1,
  "checkpoint_is_legacy": false,
  "split": {
    "train_ratio": 0.8,
    "val_ratio": 0.1,
    "train_days": 2003,
    "val_days": 222,
    "test_days": 557
  },
  "train": {
    "MSE": 0.005557742901146412,
    "RMSE": 0.0745502709662843,
    "MAE": 0.034018583595752716,
    "IC": 0.09237653513953775,
    "DailyIC": 0.1545998185164413,
    "ICIR": 1.4980416586233538,
    "DirAcc": 0.4314936238657742,
    "IC_ind": 0.10722957151668623,
    "DailyIC_ind": 0.14747662119172286,
    "ICIR_ind": 1.5670658020435573,
    "n": 1852992
  },
  "val": {
    "MSE": 0.0022302933502942324,
    "RMSE": 0.04722598172927941,
    "MAE": 0.03335263580083847,
    "IC": 0.05589426599088233,
    "DailyIC": 0.0718391770090764,
    "ICIR": 0.7161618906062908,
    "DirAcc": 0.45279237035659536,
    "IC_ind": 0.046138144125898596,
    "DailyIC_ind": 0.06432330562050234,
    "ICIR_ind": 0.702423418877681,
    "n": 222867
  },
  "test": {
    "MSE": 0.002552029909566045,
    "RMSE": 0.05051761979315776,
    "MAE": 0.03565005958080292,
    "IC": 0.05943065299640201,
    "DailyIC": 0.056743053623404184,
    "ICIR": 0.587982082688556,
    "DirAcc": 0.4249718472080766,
    "IC_ind": 0.052017186693970124,
    "DailyIC_ind": 0.04970691740719959,
    "ICIR_ind": 0.6376302060281438,
    "n": 576585
  },
  "has_industry_labels": true
}