{
  "n": 49280,
  "mse": 0.00437322398647666,
  "rmse": 0.0661303560135333,
  "mae": 0.03936939686536789,
  "ic": 0.01812033052782413,
  "daily_ic": 0.021129739459907017,
  "icir": 0.32671950995687793,
  "dir_acc": 0.5562297077922078
}