{
  "model_type": "dmfm",
  "artifact_dir": "artifacts/medium",
  "weights": "artifacts/medium/dmfm_wei2022_best.pt",
  "split": {
    "train_ratio": 0.8,
    "val_ratio": 0.1,
    "train_days": 583,
    "val_days": 64,
    "test_days": 162
  },
  "train": {
    "MSE": 0.00788301881402731,
    "RMSE": 0.0887863661494675,
    "MAE": 0.06530483067035675,
    "IC": 0.1609541344193592,
    "DailyIC": 0.16538241363869394,
    "ICIR": 1.6338026994625179,
    "DirAcc": 0.476636739250388,
    "IC_ind": 0.152577848800711,
    "DailyIC_ind": 0.15636746937851057,
    "ICIR_ind": 1.6866546346744806,
    "n": 448856
  },
  "val": {
    "MSE": 0.006312673911452293,
    "RMSE": 0.07945233735675933,
    "MAE": 0.055637285113334656,
    "IC": 0.107542630322802,
    "DailyIC": 0.1183423207013018,
    "ICIR": 1.4135083883121895,
    "DirAcc": 0.5134723327391345,
    "IC_ind": 0.09743656830755536,
    "DailyIC_ind": 0.10397640005871167,
    "ICIR_ind": 1.395861689950073,
    "n": 46645
  },
  "test": {
    "MSE": 0.006425359286367893,
    "RMSE": 0.08015833884486313,
    "MAE": 0.05907728895545006,
    "IC": 0.08512715976729898,
    "DailyIC": 0.08561658478562409,
    "ICIR": 0.7406672669613763,
    "DirAcc": 0.49625373848652904,
    "IC_ind": 0.0939770859668631,
    "DailyIC_ind": 0.09469560626756911,
    "ICIR_ind": 0.9798615124888774,
    "n": 121734
  },
  "naive_test": {
    "MSE": 0.0025143942330032587,
    "RMSE": 0.050143735730430565,
    "MAE": 0.03333032876253128,
    "n": 121734
  },
  "mse_improvement_vs_naive_pct": -155.54303307056486,
  "has_industry_labels": true
}