{
  "model_type": "factor_variant",
  "artifact_dir": "artifacts_unified/static/medium",
  "weights": "artifacts_unified/static/medium/gat_two_graph_no_neutral_best.pt",
  "model_config": {
    "in_dim": 56,
    "num_features": 56,
    "hidden_dim": 64,
    "heads": 2,
    "dropout": 0.1,
    "edge_dim": null,
    "variant": "gat_two_graph_no_neutral",
    "use_factor_attention": true
  },
  "dynamic_graphs": {
    "enabled": false
  },
  "checkpoint_format_version": 1,
  "checkpoint_is_legacy": false,
  "split": {
    "train_ratio": 0.8,
    "val_ratio": 0.1,
    "train_days": 583,
    "val_days": 64,
    "test_days": 162
  },
  "train": {
    "MSE": 0.003608492435887456,
    "RMSE": 0.06007072861125838,
    "MAE": 0.0367983840405941,
    "IC": 0.2022010646500711,
    "DailyIC": 0.20729987098282443,
    "ICIR": 1.843488301756385,
    "DirAcc": 0.5748638382056649,
    "IC_ind": 0.19242787423288416,
    "DailyIC_ind": 0.19539306955054497,
    "ICIR_ind": 1.942040482653665,
    "n": 448856
  },
  "val": {
    "MSE": 0.0024722751695662737,
    "RMSE": 0.049721978737438374,
    "MAE": 0.029595648869872093,
    "IC": 0.1293304209090906,
    "DailyIC": 0.1357739202056658,
    "ICIR": 1.344282582022867,
    "DirAcc": 0.5503518974751576,
    "IC_ind": 0.12311723510287484,
    "DailyIC_ind": 0.1270332774615172,
    "ICIR_ind": 1.5464151533336314,
    "n": 46645
  },
  "test": {
    "MSE": 0.0025048761162906885,
    "RMSE": 0.05004873740955598,
    "MAE": 0.03301924467086792,
    "IC": 0.08964166453103187,
    "DailyIC": 0.08957274983723762,
    "ICIR": 0.7728373081497015,
    "DirAcc": 0.5490937784111631,
    "IC_ind": 0.09780165224670226,
    "DailyIC_ind": 0.09716232970915184,
    "ICIR_ind": 1.0136173852232708,
    "n": 121734
  },
  "has_industry_labels": true
}