{
  "model_type": "gat",
  "artifact_dir": "artifacts/long",
  "weights": "artifacts/long/gat_regressor.pt",
  "split": {
    "train_ratio": 0.8,
    "val_ratio": 0.1,
    "train_days": 1052,
    "val_days": 116,
    "test_days": 292
  },
  "train": {
    "MSE": 0.010467078536748886,
    "RMSE": 0.10230874125288067,
    "MAE": 0.08524896204471588,
    "IC": -0.004107357599083208,
    "DailyIC": 0.001576588289864547,
    "ICIR": 0.014136500360733191,
    "DirAcc": 0.4576309830784397,
    "IC_ind": 0.02871125249845364,
    "DailyIC_ind": 0.03282740632287183,
    "ICIR_ind": 0.48543730963609744,
    "n": 804588
  },
  "val": {
    "MSE": 0.011685471050441265,
    "RMSE": 0.1080993573081786,
    "MAE": 0.0917217954993248,
    "IC": -0.04338235817577192,
    "DailyIC": -0.039796800385683645,
    "ICIR": -0.4562324161140423,
    "DirAcc": 0.41295451496041874,
    "IC_ind": -0.004107365235904272,
    "DailyIC_ind": -0.00191377975092404,
    "ICIR_ind": -0.029969041996713165,
    "n": 89436
  },
  "test": {
    "MSE": 0.010279560461640358,
    "RMSE": 0.1013881672664042,
    "MAE": 0.08469089865684509,
    "IC": 0.003018895787858316,
    "DailyIC": 0.00425518904299291,
    "ICIR": 0.04228745508211349,
    "DirAcc": 0.46993587223254113,
    "IC_ind": 0.02750560188357248,
    "DailyIC_ind": 0.02835476681819542,
    "ICIR_ind": 0.4723515382847583,
    "n": 221277
  },
  "naive_test": {
    "MSE": 0.003104720963165164,
    "RMSE": 0.05572002300040053,
    "MAE": 0.0358288399875164,
    "n": 221277
  },
  "mse_improvement_vs_naive_pct": -231.0945036155737,
  "has_industry_labels": true
}