{
  "model_type": "factor_variant",
  "artifact_dir": "/Users/luoyi/Downloads/artifacts_gpu_static_to_20250601/static/short",
  "weights": "/Users/luoyi/Downloads/artifacts_gpu_static_to_20250601/static/short/gat_industry_best.pt",
  "model_config": {
    "in_dim": 56,
    "num_features": 56,
    "hidden_dim": 64,
    "heads": 2,
    "dropout": 0.1,
    "edge_dim": null,
    "variant": "gat_industry",
    "use_factor_attention": true
  },
  "dynamic_graphs": {
    "enabled": false
  },
  "checkpoint_format_version": 1,
  "checkpoint_is_legacy": false,
  "split": {
    "train_ratio": 0.8,
    "val_ratio": 0.1,
    "train_days": 414,
    "val_days": 46,
    "test_days": 116
  },
  "train": {
    "MSE": 0.0062448373064398766,
    "RMSE": 0.07902428301756288,
    "MAE": 0.07071273028850555,
    "IC": 0.2058776009688327,
    "DailyIC": 0.20785922421714964,
    "ICIR": 2.769314372860681,
    "DirAcc": 0.41449437672789674,
    "IC_ind": 0.2073581479703021,
    "DailyIC_ind": 0.2078592242358056,
    "ICIR_ind": 2.7693143732986543,
    "n": 425169
  },
  "val": {
    "MSE": 0.00633578235283494,
    "RMSE": 0.07959762780909328,
    "MAE": 0.07041939347982407,
    "IC": 0.047435065891868654,
    "DailyIC": 0.04812814070281352,
    "ICIR": 0.730792617108153,
    "DirAcc": 0.4456726843136908,
    "IC_ind": 0.047616096061716705,
    "DailyIC_ind": 0.04812814082986401,
    "ICIR_ind": 0.730792617970907,
    "n": 48088
  },
  "test": {
    "MSE": 0.0062163290567696095,
    "RMSE": 0.0788437001717297,
    "MAE": 0.06960421055555344,
    "IC": 0.026700921472184353,
    "DailyIC": 0.02757957186893362,
    "ICIR": 0.2344453256283008,
    "DirAcc": 0.451293331193305,
    "IC_ind": 0.026987713754576516,
    "DailyIC_ind": 0.027579571933587965,
    "ICIR_ind": 0.23444532636437868,
    "n": 122576
  },
  "has_industry_labels": true
}