{
  "model_type": "factor_variant",
  "artifact_dir": "artifacts_dynamic_only_6_8/dynamic/medium",
  "weights": "artifacts_dynamic_only_6_8/dynamic/medium/gat_universe_best.pt",
  "model_config": {
    "in_dim": 56,
    "num_features": 56,
    "hidden_dim": 64,
    "heads": 2,
    "dropout": 0.1,
    "edge_dim": 2,
    "variant": "gat_universe",
    "use_factor_attention": true
  },
  "dynamic_graphs": {
    "enabled": true,
    "edge_dim": 2,
    "edge_attr": [
      "abs_corr",
      "signed_corr"
    ],
    "lookback": 60,
    "min_obs": 20,
    "industry_selection": "top_pct",
    "industry_top_k": null,
    "industry_top_pct": 0.5,
    "universe_top_k": 100,
    "avg_industry_edges": 18739.916934964585,
    "avg_universe_edges": 99474.42369607212,
    "max_industry_edges": 19908,
    "max_universe_edges": 107060
  },
  "checkpoint_format_version": 1,
  "checkpoint_is_legacy": false,
  "split": {
    "train_ratio": 0.8,
    "val_ratio": 0.1,
    "train_days": 1118,
    "val_days": 124,
    "test_days": 311
  },
  "train": {
    "MSE": 0.0029119898099452257,
    "RMSE": 0.05396285583570634,
    "MAE": 0.03996478393673897,
    "IC": 0.17285764369239007,
    "DailyIC": 0.1796997620146981,
    "ICIR": 1.5626000360984624,
    "DirAcc": 0.42782936465366395,
    "IC_ind": 0.16366944438668674,
    "DailyIC_ind": 0.1664812671173749,
    "ICIR_ind": 1.6866920894089985,
    "n": 1096740
  },
  "val": {
    "MSE": 0.002417875686660409,
    "RMSE": 0.04917189935990279,
    "MAE": 0.03743869066238403,
    "IC": 0.04579687628719765,
    "DailyIC": 0.04289432866336464,
    "ICIR": 0.5903286491866523,
    "DirAcc": 0.4205771020930275,
    "IC_ind": 0.0390008564926097,
    "DailyIC_ind": 0.035931607484081016,
    "ICIR_ind": 0.5207597469560922,
    "n": 127279
  },
  "test": {
    "MSE": 0.0031292042694985867,
    "RMSE": 0.055939290927742254,
    "MAE": 0.04200653359293938,
    "IC": 0.06587588986842118,
    "DailyIC": 0.05849464309320621,
    "ICIR": 0.5140595437224983,
    "DirAcc": 0.43169889361779845,
    "IC_ind": 0.056192136297659186,
    "DailyIC_ind": 0.04929960661006607,
    "ICIR_ind": 0.5205454383907644,
    "n": 324933
  },
  "has_industry_labels": true
}