{
  "n": 121734,
  "mse": 0.003179095219820738,
  "rmse": 0.056383465837253545,
  "mae": 0.03674781322479248,
  "ic": 0.05192052031952848,
  "daily_ic": 0.048763929355821425,
  "icir": 0.45253069292684645,
  "dir_acc": 0.5238926162555888
}