{
  "n": 221277,
  "mse": 0.0036496464163064957,
  "rmse": 0.060412303517632035,
  "mae": 0.037686336785554886,
  "ic": 0.034412399175937296,
  "daily_ic": 0.03230519703565993,
  "icir": 0.38737216545804504,
  "dir_acc": 0.5350262340866876
}