{
  "n": 221277,
  "mse": 0.0036496464163064957,
  "rmse": 0.060412303517632035,
  "mae": 0.037686336785554886,
  "ic": 0.03441239917593732,
  "daily_ic": 0.03230519703565992,
  "icir": 0.387372165458045,
  "dir_acc": 0.5350262340866876
}