{
  "model_type": "lstm",
  "artifact_dir": "artifacts/long",
  "weights": "artifacts/long/baseline_lstm.pt",
  "scaler": null,
  "split": {
    "train_ratio": 0.8,
    "val_ratio": 0.1,
    "train_days": 1052,
    "val_days": 116,
    "test_days": 292
  },
  "train": {
    "MSE": 0.0031491488900836457,
    "RMSE": 0.05611727799959337,
    "MAE": 0.03519852291822395,
    "IC": 0.16856222018183958,
    "ICIR": 1.495559066329662,
    "DirAcc": 0.5455566545195626,
    "DailyIC": 0.15674144905752946
  },
  "val": {
    "MSE": 0.0036786149753910164,
    "RMSE": 0.06065158675080988,
    "MAE": 0.037722703116942334,
    "IC": 0.0899396426374368,
    "ICIR": 1.355700054036873,
    "DirAcc": 0.5551232166018158,
    "DailyIC": 0.08898428169730042
  },
  "test": {
    "MSE": 0.003128511596017904,
    "RMSE": 0.0559330992885063,
    "MAE": 0.036124164955582336,
    "IC": 0.06623346724925265,
    "ICIR": 0.5594430248237107,
    "DirAcc": 0.5260781735110291,
    "DailyIC": 0.056141917360825744
  },
  "naive_test": {
    "MSE": 0.0031047211524372026,
    "RMSE": 0.05572002469882082,
    "MAE": 0.03582884016785325,
    "n": 221277
  },
  "mse_improvement_vs_naive_pct": -0.7662666762206838,
  "has_industry_labels": false,
  "lookback": 10,
  "model": "lstm"
}