{
  "model_type": "lstm",
  "artifact_dir": "artifacts/medium",
  "weights": "artifacts/medium/baseline_lstm.pt",
  "scaler": null,
  "split": {
    "train_ratio": 0.8,
    "val_ratio": 0.1,
    "train_days": 583,
    "val_days": 64,
    "test_days": 162
  },
  "train": {
    "MSE": 0.0036726610508750813,
    "RMSE": 0.06060248386720697,
    "MAE": 0.03728302107208431,
    "IC": 0.152155647421744,
    "ICIR": 1.5114781446679197,
    "DirAcc": 0.5658738113391962,
    "DailyIC": 0.14383309310806777
  },
  "val": {
    "MSE": 0.0025031989651935014,
    "RMSE": 0.05003197942509872,
    "MAE": 0.03023222090339461,
    "IC": 0.09918452066023012,
    "ICIR": 1.3513239808041801,
    "DirAcc": 0.539671990567049,
    "DailyIC": 0.10970248698416567
  },
  "test": {
    "MSE": 0.0025430239752838816,
    "RMSE": 0.05042840444911857,
    "MAE": 0.033475172528543595,
    "IC": 0.06959061210754328,
    "ICIR": 0.5508173501464684,
    "DirAcc": 0.5380091018121478,
    "DailyIC": 0.06604600668594385
  },
  "naive_test": {
    "MSE": 0.0025143943373104375,
    "RMSE": 0.0501437367705124,
    "MAE": 0.03333032908613809,
    "n": 121734
  },
  "mse_improvement_vs_naive_pct": -1.1386295915726707,
  "has_industry_labels": false,
  "lookback": 10,
  "model": "lstm"
}