{
  "model_type": "factor_variant",
  "artifact_dir": "artifacts_unified/static/medium",
  "weights": "artifacts_unified/static/medium/dmfm_full_best.pt",
  "model_config": {
    "in_dim": 56,
    "num_features": 56,
    "hidden_dim": 64,
    "heads": 2,
    "dropout": 0.1,
    "edge_dim": null,
    "variant": "dmfm_full",
    "use_factor_attention": true
  },
  "dynamic_graphs": {
    "enabled": false
  },
  "checkpoint_format_version": 1,
  "checkpoint_is_legacy": false,
  "split": {
    "train_ratio": 0.8,
    "val_ratio": 0.1,
    "train_days": 583,
    "val_days": 64,
    "test_days": 162
  },
  "train": {
    "MSE": 0.010633592493832111,
    "RMSE": 0.10311931193443889,
    "MAE": 0.07075347751379013,
    "IC": 0.1330406268020471,
    "DailyIC": 0.13673106516189448,
    "ICIR": 1.3602672290038453,
    "DirAcc": 0.553878974455747,
    "IC_ind": 0.12615933155580963,
    "DailyIC_ind": 0.1289370788767614,
    "ICIR_ind": 1.4113267436737507,
    "n": 448856
  },
  "val": {
    "MSE": 0.00986199826002121,
    "RMSE": 0.0993075941709455,
    "MAE": 0.06864366680383682,
    "IC": 0.08846905831032613,
    "DailyIC": 0.0970966151349259,
    "ICIR": 1.2774419614370571,
    "DirAcc": 0.5394055617348809,
    "IC_ind": 0.08129429840992809,
    "DailyIC_ind": 0.08705300422837184,
    "ICIR_ind": 1.3102131503503984,
    "n": 46645
  },
  "test": {
    "MSE": 0.010290741920471191,
    "RMSE": 0.10144329411287466,
    "MAE": 0.0720185786485672,
    "IC": 0.07944781398673746,
    "DailyIC": 0.07846787789449934,
    "ICIR": 0.7641548654960387,
    "DirAcc": 0.5339947585573755,
    "IC_ind": 0.08436139826720677,
    "DailyIC_ind": 0.0842461590302064,
    "ICIR_ind": 0.9643244050857891,
    "n": 121734
  },
  "has_industry_labels": true
}